trial,water_temp,date,record,time_s,kohms,mv,room_temp,
1,32,9/7/2021 16:17,1225,0,0.21,400,22.56,
1,32,9/7/2021 16:17,1226,5,0.204,380.1,22.56,
1,32,9/7/2021 16:17,1227,10,0.155,376.5,22.56,
1,32,9/7/2021 16:17,1228,15,0.16,376.5,22.56,
1,32,9/7/2021 16:17,1229,20,0.152,374.4,22.56,
1,32,9/7/2021 16:17,1230,25,0.138,372.3,22.56,
1,32,9/7/2021 16:17,1231,30,0.132,369.6,22.56,
1,32,9/7/2021 16:17,1232,35,0.108,367.4,22.56,
1,32,9/7/2021 16:17,1233,40,0.113,365.1,22.56,
1,32,9/7/2021 16:17,1234,45,0.083,363,22.56,
1,32,9/7/2021 16:17,1235,50,0.055,361.2,22.56,
1,32,9/7/2021 16:17,1236,55,0.058,359.4,22.56,
1,32,9/7/2021 16:18,1237,60,0.063,357.7,22.56,
1,32,9/7/2021 16:18,1238,65,0.055,356.5,22.56,
1,32,9/7/2021 16:18,1239,70,0.06,355.3,22.56,
1,32,9/7/2021 16:18,1240,75,0.052,353.4,22.56,
1,32,9/7/2021 16:18,1241,80,0.057,351.9,22.56,
1,32,9/7/2021 16:18,1242,85,0.046,350.9,22.56,
1,32,9/7/2021 16:18,1243,90,0.046,350,22.56,
1,32,9/7/2021 16:18,1244,95,0.049,348.7,22.54,
1,32,9/7/2021 16:18,1245,100,0.057,347.8,22.54,
1,32,9/7/2021 16:18,1246,105,0.057,346.9,22.54,
1,32,9/7/2021 16:18,1247,110,0.055,346,22.55,
1,32,9/7/2021 16:18,1248,115,0.074,345.5,22.55,
1,32,9/7/2021 16:19,1249,120,0.069,344.9,22.54,
1,32,9/7/2021 16:19,1250,125,0.091,344.3,22.56,
1,32,9/7/2021 16:19,1251,130,0.077,344.2,22.55,
1,32,9/7/2021 16:19,1252,135,0.091,343.7,22.55,
1,32,9/7/2021 16:19,1253,140,0.085,343,22.54,
1,32,9/7/2021 16:19,1254,145,0.099,342.5,22.53,
1,32,9/7/2021 16:19,1255,150,0.093,342,22.53,
1,32,9/7/2021 16:19,1256,155,0.107,341.2,22.53,
1,32,9/7/2021 16:19,1257,160,0.115,340.6,22.53,
1,32,9/7/2021 16:19,1258,165,0.113,340.5,22.53,
1,32,9/7/2021 16:19,1259,170,0.124,340.4,22.53,
1,32,9/7/2021 16:19,1260,175,0.14,339.7,22.53,
1,32,9/7/2021 16:20,1261,180,0.121,339.6,22.53,
1,32,9/7/2021 16:20,1262,185,0.146,338.9,22.53,
1,32,9/7/2021 16:20,1263,190,0.138,338.7,22.53,
1,32,9/7/2021 16:20,1264,195,0.14,338.5,22.53,
1,32,9/7/2021 16:20,1265,200,0.151,337.6,22.53,
1,32,9/7/2021 16:20,1266,205,0.154,337.6,22.53,
1,32,9/7/2021 16:20,1267,210,0.157,336.9,22.53,
1,32,9/7/2021 16:20,1268,215,0.168,336.5,22.51,
1,32,9/7/2021 16:20,1269,220,0.171,336,22.52,
1,32,9/7/2021 16:20,1270,225,0.179,336.1,22.52,
1,32,9/7/2021 16:20,1271,230,0.185,335.5,22.53,
1,32,9/7/2021 16:20,1272,235,0.185,335.3,22.53,
1,32,9/7/2021 16:21,1273,240,0.176,335.2,22.52,
1,32,9/7/2021 16:21,1274,245,0.187,334.7,22.52,
1,32,9/7/2021 16:21,1275,250,0.185,334.5,22.51,
1,32,9/7/2021 16:21,1276,255,0.196,333.5,22.52,
1,32,9/7/2021 16:21,1277,260,0.212,333.9,22.53,
1,32,9/7/2021 16:21,1278,265,0.237,333.2,22.51,
1,32,9/7/2021 16:21,1279,270,0.248,333.3,22.51,
1,32,9/7/2021 16:21,1280,275,0.268,332.7,22.5,
1,32,9/7/2021 16:21,1281,280,0.293,332.7,22.51,
1,32,9/7/2021 16:21,1282,285,0.31,332.2,22.52,
1,32,9/7/2021 16:21,1283,290,0.315,332.5,22.52,
1,32,9/7/2021 16:21,1284,295,0.34,332,22.53,
1,32,9/7/2021 16:22,1285,300,0.362,331.8,22.51,
2,32,9/7/2021 16:29,1369,0,0.15,429.4,22.45,
2,32,9/7/2021 16:29,1370,5,0.116,393.2,22.45,
2,32,9/7/2021 16:29,1371,10,0.108,386.2,22.45,
2,32,9/7/2021 16:29,1372,15,0.055,382.8,22.45,
2,32,9/7/2021 16:29,1373,20,0.061,380.1,22.45,
2,32,9/7/2021 16:29,1374,25,0.064,377.9,22.45,
2,32,9/7/2021 16:29,1375,30,0.061,375.2,22.45,
2,32,9/7/2021 16:29,1376,35,0.064,372.9,22.45,
2,32,9/7/2021 16:29,1377,40,0.067,370.5,22.45,
2,32,9/7/2021 16:29,1378,45,0.067,368.4,22.45,
2,32,9/7/2021 16:29,1379,50,0.067,366.2,22.45,
2,32,9/7/2021 16:29,1380,55,0.086,364.1,22.45,
2,32,9/7/2021 16:30,1381,60,0.086,362.4,22.45,
2,32,9/7/2021 16:30,1382,65,0.09,360.3,22.45,
2,32,9/7/2021 16:30,1383,70,0.088,358.7,22.45,
2,32,9/7/2021 16:30,1384,75,0.088,356.9,22.45,
2,32,9/7/2021 16:30,1385,80,0.074,355.1,22.45,
2,32,9/7/2021 16:30,1386,85,0.077,353.5,22.45,
2,32,9/7/2021 16:30,1387,90,0.065,352.1,22.45,
2,32,9/7/2021 16:30,1388,95,0.071,350.7,22.45,
2,32,9/7/2021 16:30,1389,100,0.063,349.4,22.45,
2,32,9/7/2021 16:30,1390,105,0.085,348.1,22.45,
2,32,9/7/2021 16:30,1391,110,0.071,347.1,22.45,
2,32,9/7/2021 16:30,1392,115,0.09,346.1,22.45,
2,32,9/7/2021 16:31,1393,120,0.085,345.6,22.45,
2,32,9/7/2021 16:31,1394,125,0.093,344.3,22.45,
2,32,9/7/2021 16:31,1395,130,0.096,343.7,22.45,
2,32,9/7/2021 16:31,1396,135,0.093,342.9,22.45,
2,32,9/7/2021 16:31,1397,140,0.101,342.4,22.45,
2,32,9/7/2021 16:31,1398,145,0.117,341.5,22.45,
2,32,9/7/2021 16:31,1399,150,0.112,341.1,22.45,
2,32,9/7/2021 16:31,1400,155,0.126,340.7,22.45,
2,32,9/7/2021 16:31,1401,160,0.137,340.5,22.45,
2,32,9/7/2021 16:31,1402,165,0.14,339.4,22.45,
2,32,9/7/2021 16:31,1403,170,0.145,339.2,22.45,
2,32,9/7/2021 16:31,1404,175,0.153,338.9,22.45,
2,32,9/7/2021 16:32,1405,180,0.159,338.8,22.45,
2,32,9/7/2021 16:32,1406,185,0.17,338.1,22.45,
2,32,9/7/2021 16:32,1407,190,0.173,337.6,22.45,
2,32,9/7/2021 16:32,1408,195,0.195,337.5,22.45,
2,32,9/7/2021 16:32,1409,200,0.209,337.1,22.45,
2,32,9/7/2021 16:32,1410,205,0.203,337,22.45,
2,32,9/7/2021 16:32,1411,210,0.22,337.1,22.45,
2,32,9/7/2021 16:32,1412,215,0.234,336.7,22.45,
2,32,9/7/2021 16:32,1413,220,0.24,336.5,22.45,
2,32,9/7/2021 16:32,1414,225,0.248,336.1,22.45,
2,32,9/7/2021 16:32,1415,230,0.24,336.3,22.45,
2,32,9/7/2021 16:32,1416,235,0.243,336,22.45,
2,32,9/7/2021 16:33,1417,240,0.251,335.6,22.45,
2,32,9/7/2021 16:33,1418,245,0.254,335.4,22.45,
2,32,9/7/2021 16:33,1419,250,0.248,335.2,22.45,
2,32,9/7/2021 16:33,1420,255,0.243,335.2,22.45,
2,32,9/7/2021 16:33,1421,260,0.24,335.2,22.45,
2,32,9/7/2021 16:33,1422,265,0.248,335,22.45,
2,32,9/7/2021 16:33,1423,270,0.259,334.7,22.45,
2,32,9/7/2021 16:33,1424,275,0.259,334.6,22.45,
2,32,9/7/2021 16:33,1425,280,0.273,334.1,22.45,
2,32,9/7/2021 16:33,1426,285,0.275,334.1,22.45,
2,32,9/7/2021 16:33,1427,290,0.281,333.9,22.45,
2,32,9/7/2021 16:33,1428,295,0.284,334.1,22.45,
2,32,9/7/2021 16:34,1429,300,0.292,333.9,22.45,
3,32,9/7/2021 16:44,1549,0,0.204,406.7,22.5,
3,32,9/7/2021 16:44,1550,5,0.138,375.4,22.5,
3,32,9/7/2021 16:44,1551,10,0.127,369.7,22.5,
3,32,9/7/2021 16:44,1552,15,0.107,366.5,22.5,
3,32,9/7/2021 16:44,1553,20,0.088,363.6,22.5,
3,32,9/7/2021 16:44,1554,25,0.083,361.3,22.5,
3,32,9/7/2021 16:44,1555,30,0.074,356.8,22.5,
3,32,9/7/2021 16:44,1556,35,0.058,352.2,22.5,
3,32,9/7/2021 16:44,1557,40,0.091,349.7,22.5,
3,32,9/7/2021 16:44,1558,45,0.082,347.7,22.5,
3,32,9/7/2021 16:44,1559,50,0.091,345.4,22.5,
3,32,9/7/2021 16:44,1560,55,0.094,343.7,22.5,
3,32,9/7/2021 16:45,1561,60,0.091,341.6,22.5,
3,32,9/7/2021 16:45,1562,65,0.091,339.7,22.5,
3,32,9/7/2021 16:45,1563,70,0.08,337.8,22.5,
3,32,9/7/2021 16:45,1564,75,0.102,336.1,22.5,
3,32,9/7/2021 16:45,1565,80,0.091,334.5,22.5,
3,32,9/7/2021 16:45,1566,85,0.096,332.7,22.5,
3,32,9/7/2021 16:45,1567,90,0.088,331.4,22.5,
3,32,9/7/2021 16:45,1568,95,0.074,330.2,22.5,
3,32,9/7/2021 16:45,1569,100,0.082,329.3,22.5,
3,32,9/7/2021 16:45,1570,105,0.074,328,22.49,
3,32,9/7/2021 16:45,1571,110,0.068,327.2,22.5,
3,32,9/7/2021 16:45,1572,115,0.085,326.4,22.5,
3,32,9/7/2021 16:46,1573,120,0.093,325.5,22.5,
3,32,9/7/2021 16:46,1574,125,0.093,324.7,22.5,
3,32,9/7/2021 16:46,1575,130,0.09,324,22.5,
3,32,9/7/2021 16:46,1576,135,0.101,323.5,22.5,
3,32,9/7/2021 16:46,1577,140,0.121,322.8,22.49,
3,32,9/7/2021 16:46,1578,145,0.129,322.5,22.49,
3,32,9/7/2021 16:46,1579,150,0.126,322.1,22.48,
3,32,9/7/2021 16:46,1580,155,0.14,321.3,22.48,
3,32,9/7/2021 16:46,1581,160,0.132,321.1,22.47,
3,32,9/7/2021 16:46,1582,165,0.143,320.8,22.47,
3,32,9/7/2021 16:46,1583,170,0.148,320.6,22.47,
3,32,9/7/2021 16:46,1584,175,0.159,320.4,22.47,
3,32,9/7/2021 16:47,1585,180,0.151,320.1,22.47,
3,32,9/7/2021 16:47,1586,185,0.151,320.4,22.47,
3,32,9/7/2021 16:47,1587,190,0.165,320,22.47,
3,32,9/7/2021 16:47,1588,195,0.162,319.6,22.47,
3,32,9/7/2021 16:47,1589,200,0.179,319.4,22.47,
3,32,9/7/2021 16:47,1590,205,0.19,319.4,22.47,
3,32,9/7/2021 16:47,1591,210,0.193,319.2,22.47,
3,32,9/7/2021 16:47,1592,215,0.193,319,22.47,
3,32,9/7/2021 16:47,1593,220,0.198,318.7,22.47,
3,32,9/7/2021 16:47,1594,225,0.212,318.8,22.47,
3,32,9/7/2021 16:47,1595,230,0.212,318.6,22.47,
3,32,9/7/2021 16:47,1596,235,0.226,318.3,22.47,
3,32,9/7/2021 16:48,1597,240,0.223,318.3,22.47,
3,32,9/7/2021 16:48,1598,245,0.24,317.9,22.47,
3,32,9/7/2021 16:48,1599,250,0.257,317.7,22.47,
3,32,9/7/2021 16:48,1600,255,0.276,317.7,22.47,
3,32,9/7/2021 16:48,1601,260,0.29,317.7,22.47,
3,32,9/7/2021 16:48,1602,265,0.295,317.2,22.47,
3,32,9/7/2021 16:48,1603,270,0.32,317.2,22.47,
3,32,9/7/2021 16:48,1604,275,0.345,317,22.47,
3,32,9/7/2021 16:48,1605,280,0.354,316.7,22.47,
3,32,9/7/2021 16:48,1606,285,0.384,316.7,22.47,
3,32,9/7/2021 16:48,1607,290,0.393,316.6,22.47,
3,32,9/7/2021 16:48,1608,295,0.395,316.4,22.47,
3,32,9/7/2021 16:49,1609,300,0.409,316.5,22.47,
1,11,9/7/2021 16:51,1633,0,-0.362,472.9,22.45,
1,11,9/7/2021 16:51,1634,5,-0.34,459,22.45,
1,11,9/7/2021 16:51,1635,10,-0.343,455.7,22.45,
1,11,9/7/2021 16:51,1636,15,-0.354,453.1,22.45,
1,11,9/7/2021 16:51,1637,20,-0.365,451.2,22.45,
1,11,9/7/2021 16:51,1638,25,-0.384,449,22.45,
1,11,9/7/2021 16:51,1639,30,-0.381,447,22.45,
1,11,9/7/2021 16:51,1640,35,-0.389,444.9,22.45,
1,11,9/7/2021 16:51,1641,40,-0.403,441,22.45,
1,11,9/7/2021 16:51,1642,45,-0.409,432.4,22.45,
1,11,9/7/2021 16:51,1643,50,-0.406,431.1,22.45,
1,11,9/7/2021 16:51,1644,55,-0.42,428.3,22.45,
1,11,9/7/2021 16:52,1645,60,-0.417,426.4,22.45,
1,11,9/7/2021 16:52,1646,65,-0.417,424.5,22.45,
1,11,9/7/2021 16:52,1647,70,-0.423,423,22.45,
1,11,9/7/2021 16:52,1648,75,-0.434,421.3,22.45,
1,11,9/7/2021 16:52,1649,80,-0.412,419.4,22.45,
1,11,9/7/2021 16:52,1650,85,-0.415,418.2,22.45,
1,11,9/7/2021 16:52,1651,90,-0.415,416.3,22.45,
1,11,9/7/2021 16:52,1652,95,-0.412,415.2,22.45,
1,11,9/7/2021 16:52,1653,100,-0.409,413.6,22.45,
1,11,9/7/2021 16:52,1654,105,-0.425,412.5,22.45,
1,11,9/7/2021 16:52,1655,110,-0.4,410.6,22.45,
1,11,9/7/2021 16:52,1656,115,-0.389,409.1,22.45,
1,11,9/7/2021 16:53,1657,120,-0.402,407.7,22.45,
1,11,9/7/2021 16:53,1658,125,-0.378,406.3,22.45,
1,11,9/7/2021 16:53,1659,130,-0.378,404.6,22.45,
1,11,9/7/2021 16:53,1660,135,-0.361,403.3,22.45,
1,11,9/7/2021 16:53,1661,140,-0.369,401.9,22.45,
1,11,9/7/2021 16:53,1662,145,-0.35,400.6,22.45,
1,11,9/7/2021 16:53,1663,150,-0.342,399.1,22.45,
1,11,9/7/2021 16:53,1664,155,-0.326,397.9,22.45,
1,11,9/7/2021 16:53,1665,160,-0.331,396.3,22.45,
1,11,9/7/2021 16:53,1666,165,-0.312,395,22.45,
1,11,9/7/2021 16:53,1667,170,-0.293,393.3,22.45,
1,11,9/7/2021 16:53,1668,175,-0.279,391.9,22.45,
1,11,9/7/2021 16:54,1669,180,-0.282,390.5,22.45,
1,11,9/7/2021 16:54,1670,185,-0.285,389,22.45,
1,11,9/7/2021 16:54,1671,190,-0.276,387.3,22.45,
1,11,9/7/2021 16:54,1672,195,-0.276,386.2,22.45,
1,11,9/7/2021 16:54,1673,200,-0.268,384.9,22.45,
1,11,9/7/2021 16:54,1674,205,-0.274,383.5,22.45,
1,11,9/7/2021 16:54,1675,210,-0.265,382.4,22.45,
1,11,9/7/2021 16:54,1676,215,-0.257,381.2,22.45,
1,11,9/7/2021 16:54,1677,220,-0.26,379.9,22.45,
1,11,9/7/2021 16:54,1678,225,-0.263,378.2,22.45,
1,11,9/7/2021 16:54,1679,230,-0.249,377.1,22.45,
1,11,9/7/2021 16:54,1680,235,-0.252,375.8,22.45,
1,11,9/7/2021 16:55,1681,240,-0.249,374.4,22.45,
1,11,9/7/2021 16:55,1682,245,-0.252,372.9,22.45,
1,11,9/7/2021 16:55,1683,250,-0.238,372.3,22.45,
1,11,9/7/2021 16:55,1684,255,-0.249,371.1,22.45,
1,11,9/7/2021 16:55,1685,260,-0.241,370.3,22.45,
1,11,9/7/2021 16:55,1686,265,-0.233,368.8,22.45,
1,11,9/7/2021 16:55,1687,270,-0.217,367.2,22.45,
1,11,9/7/2021 16:55,1688,275,-0.222,365.7,22.45,
1,11,9/7/2021 16:55,1689,280,-0.206,364.6,22.45,
1,11,9/7/2021 16:55,1690,285,-0.217,363,22.45,
1,11,9/7/2021 16:55,1691,290,-0.197,361.7,22.45,
1,11,9/7/2021 16:55,1692,295,-0.2,360.6,22.45,
1,11,9/7/2021 16:56,1693,300,-0.192,359.5,22.45,
2,11,9/7/2021 16:57,1706,0,-0.384,472.2,22.45,
2,11,9/7/2021 16:57,1707,5,-0.431,419.5,22.45,
2,11,9/7/2021 16:57,1708,10,-0.409,424.7,22.45,
2,11,9/7/2021 16:57,1709,15,-0.346,407.6,22.45,
2,11,9/7/2021 16:57,1710,20,-0.332,394.4,22.45,
2,11,9/7/2021 16:57,1711,25,-0.34,388,22.45,
2,11,9/7/2021 16:57,1712,30,-0.349,392.6,22.45,
2,11,9/7/2021 16:57,1713,35,-0.357,388.4,22.45,
2,11,9/7/2021 16:57,1714,40,-0.384,387,22.45,
2,11,9/7/2021 16:57,1715,45,-0.373,384.5,22.45,
2,11,9/7/2021 16:57,1716,50,-0.406,383.9,22.45,
2,11,9/7/2021 16:58,1717,55,-0.401,373.2,22.45,
2,11,9/7/2021 16:58,1718,60,-0.423,371.2,22.45,
2,11,9/7/2021 16:58,1719,65,-0.431,370.3,22.45,
2,11,9/7/2021 16:58,1720,70,-0.431,369.6,22.45,
2,11,9/7/2021 16:58,1721,75,-0.433,373.7,22.45,
2,11,9/7/2021 16:58,1722,80,-0.431,370.8,22.45,
2,11,9/7/2021 16:58,1723,85,-0.444,376.5,22.45,
2,11,9/7/2021 16:58,1724,90,-0.442,369.5,22.45,
2,11,9/7/2021 16:58,1725,95,-0.453,366.5,22.45,
2,11,9/7/2021 16:58,1726,100,-0.439,360.9,22.45,
2,11,9/7/2021 16:58,1727,105,-0.431,359.5,22.45,
2,11,9/7/2021 16:58,1728,110,-0.417,359.2,22.44,
2,11,9/7/2021 16:59,1729,115,-0.422,358.9,22.45,
2,11,9/7/2021 16:59,1730,120,-0.398,357.4,22.45,
2,11,9/7/2021 16:59,1731,125,-0.379,358.1,22.45,
2,11,9/7/2021 16:59,1732,130,-0.376,358.1,22.45,
2,11,9/7/2021 16:59,1733,135,-0.359,356.4,22.44,
2,11,9/7/2021 16:59,1734,140,-0.335,356.8,22.45,
2,11,9/7/2021 16:59,1735,145,-0.326,356.2,22.43,
2,11,9/7/2021 16:59,1736,150,-0.307,355.6,22.42,
2,11,9/7/2021 16:59,1737,155,-0.272,355.8,22.42,
2,11,9/7/2021 16:59,1738,160,-0.241,355.1,22.43,
2,11,9/7/2021 16:59,1739,165,-0.197,353.8,22.44,
2,11,9/7/2021 16:59,1740,170,-0.162,355.5,22.42,
2,11,9/7/2021 17:00,1741,175,-0.109,354.9,22.42,
2,11,9/7/2021 17:00,1742,180,-0.037,353.6,22.42,
2,11,9/7/2021 17:00,1743,185,0.034,354.1,22.42,
2,11,9/7/2021 17:00,1744,190,0.098,353.3,22.42,
2,11,9/7/2021 17:00,1745,195,0.181,353.4,22.42,
2,11,9/7/2021 17:00,1746,200,0.25,353.5,22.42,
2,11,9/7/2021 17:00,1747,205,0.353,353.1,22.42,
2,11,9/7/2021 17:00,1748,210,0.445,351.5,22.42,
2,11,9/7/2021 17:00,1749,215,0.548,352.4,22.42,
2,11,9/7/2021 17:00,1750,220,0.674,351.9,22.42,
2,11,9/7/2021 17:00,1751,225,0.805,351.7,22.42,
2,11,9/7/2021 17:00,1752,230,0.957,351.3,22.42,
2,11,9/7/2021 17:01,1753,235,1.154,351.1,22.42,
2,11,9/7/2021 17:01,1754,240,1.367,350.5,22.42,
2,11,9/7/2021 17:01,1755,245,1.645,350.2,22.42,
2,11,9/7/2021 17:01,1756,250,2.109,350.2,22.42,
2,11,9/7/2021 17:01,1757,255,2.755,348,22.42,
2,11,9/7/2021 17:01,1758,260,3.694,349.8,22.42,
2,11,9/7/2021 17:01,1759,265,5.479,349.3,22.42,
2,11,9/7/2021 17:01,1760,270,8.84,348.3,22.42,
2,11,9/7/2021 17:01,1761,275,17.8,349.2,22.42,
2,11,9/7/2021 17:01,1762,280,43.51,349.4,22.42,
2,11,9/7/2021 17:01,1763,285,7999,349,22.42,
2,11,9/7/2021 17:01,1764,290,7999,349,22.42,
2,11,9/7/2021 17:02,1765,295,7999,348.2,22.42,
2,11,9/7/2021 17:02,1766,300,7999,346.5,22.42,
3,11,9/7/2021 17:05,1801,0,-0.48,421.6,22.42,
3,11,9/7/2021 17:05,1802,5,-0.395,401.4,22.42,
3,11,9/7/2021 17:05,1803,10,-0.382,397.3,22.42,
3,11,9/7/2021 17:05,1804,15,-0.382,394.2,22.42,
3,11,9/7/2021 17:05,1805,20,-0.379,391.3,22.42,
3,11,9/7/2021 17:05,1806,25,-0.382,389,22.42,
3,11,9/7/2021 17:05,1807,30,-0.371,386.3,22.42,
3,11,9/7/2021 17:05,1808,35,-0.357,383.6,22.42,
3,11,9/7/2021 17:05,1809,40,-0.357,380.7,22.42,
3,11,9/7/2021 17:05,1810,45,-0.343,378,22.42,
3,11,9/7/2021 17:05,1811,50,-0.354,375.9,22.42,
3,11,9/7/2021 17:05,1812,55,-0.327,373.8,22.42,
3,11,9/7/2021 17:06,1813,60,-0.332,371.4,22.42,
3,11,9/7/2021 17:06,1814,65,-0.319,369.3,22.42,
3,11,9/7/2021 17:06,1815,70,-0.308,367.4,22.42,
3,11,9/7/2021 17:06,1816,75,-0.302,365,22.42,
3,11,9/7/2021 17:06,1817,80,-0.289,362.5,22.42,
3,11,9/7/2021 17:06,1818,85,-0.272,360.8,22.42,
3,11,9/7/2021 17:06,1819,90,-0.258,358.9,22.42,
3,11,9/7/2021 17:06,1820,95,-0.247,357.7,22.42,
3,11,9/7/2021 17:06,1821,100,-0.226,356.2,22.42,
3,11,9/7/2021 17:06,1822,105,-0.736,355.8,22.42,
3,11,9/7/2021 17:06,1823,110,-0.837,354.3,22.42,
3,11,9/7/2021 17:06,1824,115,-0.81,353.3,22.42,
3,11,9/7/2021 17:07,1825,120,-0.794,352.3,22.42,
3,11,9/7/2021 17:07,1826,125,-0.748,351.4,22.42,
3,11,9/7/2021 17:07,1827,130,-0.72,350.5,22.42,
3,11,9/7/2021 17:07,1828,135,-0.683,349.4,22.42,
3,11,9/7/2021 17:07,1829,140,-0.658,348.3,22.42,
3,11,9/7/2021 17:07,1830,145,-0.62,347.4,22.41,
3,11,9/7/2021 17:07,1831,150,-0.566,346.5,22.41,
3,11,9/7/2021 17:07,1832,155,-0.525,346.2,22.42,
3,11,9/7/2021 17:07,1833,160,-0.454,345.6,22.42,
3,11,9/7/2021 17:07,1834,165,-0.402,344.8,22.42,
3,11,9/7/2021 17:07,1835,170,-0.33,343.9,22.42,
3,11,9/7/2021 17:07,1836,175,-0.256,343,22.42,
3,11,9/7/2021 17:08,1837,180,-0.196,343,22.42,
3,11,9/7/2021 17:08,1838,185,-0.152,341.8,22.42,
3,11,9/7/2021 17:08,1839,190,-0.075,341.7,22.42,
3,11,9/7/2021 17:08,1840,195,-0.055,341.2,22.42,
3,11,9/7/2021 17:08,1841,200,-0.031,340.6,22.42,
3,11,9/7/2021 17:08,1842,205,0.011,340.4,22.42,
3,11,9/7/2021 17:08,1843,210,0.033,339.7,22.42,
3,11,9/7/2021 17:08,1844,215,0.027,339.2,22.41,
3,11,9/7/2021 17:08,1845,220,0.046,338.6,22.42,
3,11,9/7/2021 17:08,1846,225,0.071,338.2,22.42,
3,11,9/7/2021 17:08,1847,230,0.082,337.3,22.42,
3,11,9/7/2021 17:08,1848,235,0.104,337.4,22.42,
3,11,9/7/2021 17:09,1849,240,0.116,337.1,22.42,
3,11,9/7/2021 17:09,1850,245,0.135,336.6,22.42,
3,11,9/7/2021 17:09,1851,250,0.157,336.4,22.42,
3,11,9/7/2021 17:09,1852,255,0.176,335.7,22.42,
3,11,9/7/2021 17:09,1853,260,0.199,335.3,22.42,
3,11,9/7/2021 17:09,1854,265,0.224,334.8,22.42,
3,11,9/7/2021 17:09,1855,270,0.235,334.6,22.42,
3,11,9/7/2021 17:09,1856,275,0.249,333.7,22.42,
3,11,9/7/2021 17:09,1857,280,0.289,332.9,22.42,
3,11,9/7/2021 17:09,1858,285,0.322,332.5,22.42,
3,11,9/7/2021 17:09,1859,290,0.356,332,22.42,
3,11,9/7/2021 17:09,1860,295,0.4,332,22.42,
3,11,9/7/2021 17:10,1861,300,0.464,331.7,22.42,
1,21,9/7/2021 14:52,205,0,-1.304,472.7,22.61,
1,21,9/7/2021 14:52,206,5,-1.099,421.4,22.61,
1,21,9/7/2021 14:52,207,10,-1.115,411.6,22.61,
1,21,9/7/2021 14:52,208,15,-1.153,403,22.61,
1,21,9/7/2021 14:52,209,20,-2.113,398.7,22.61,
1,21,9/7/2021 14:52,210,25,-2.487,395.5,22.61,
1,21,9/7/2021 14:52,211,30,-2.662,393.4,22.61,
1,21,9/7/2021 14:52,212,35,-2.704,390.6,22.61,
1,21,9/7/2021 14:52,213,40,-2.733,388.2,22.61,
1,21,9/7/2021 14:52,214,45,-2.735,385.5,22.61,
1,21,9/7/2021 14:52,215,50,-2.746,383.4,22.61,
1,21,9/7/2021 14:52,216,55,-2.769,381.4,22.61,
1,21,9/7/2021 14:53,217,60,-2.769,379.6,22.61,
1,21,9/7/2021 14:53,218,65,-2.777,377.4,22.61,
1,21,9/7/2021 14:53,219,70,-2.808,376,22.61,
1,21,9/7/2021 14:53,220,75,-2.858,373.9,22.61,
1,21,9/7/2021 14:53,221,80,-2.881,372.6,22.61,
1,21,9/7/2021 14:53,222,85,-2.886,370.6,22.61,
1,21,9/7/2021 14:53,223,90,-2.876,369.2,22.61,
1,21,9/7/2021 14:53,224,95,-2.879,367.4,22.61,
1,21,9/7/2021 14:53,225,100,-2.899,366.5,22.61,
1,21,9/7/2021 14:53,226,105,-2.915,365,22.61,
1,21,9/7/2021 14:53,227,110,-2.91,363.6,22.61,
1,21,9/7/2021 14:53,228,115,-2.902,361.9,22.61,
1,21,9/7/2021 14:54,229,120,-2.91,360.8,22.61,
1,21,9/7/2021 14:54,230,125,-2.868,359.5,22.61,
1,21,9/7/2021 14:54,231,130,-2.86,358.5,22.61,
1,21,9/7/2021 14:54,232,135,-2.842,356.8,22.61,
1,21,9/7/2021 14:54,233,140,-2.837,355.9,22.61,
1,21,9/7/2021 14:54,234,145,-2.795,354.2,22.61,
1,21,9/7/2021 14:54,235,150,-2.779,353.5,22.61,
1,21,9/7/2021 14:54,236,155,-2.761,352.4,22.61,
1,21,9/7/2021 14:54,237,160,-2.743,351.5,22.6,
1,21,9/7/2021 14:54,238,165,-2.717,350.2,22.61,
1,21,9/7/2021 14:54,239,170,-2.672,349.3,22.61,
1,21,9/7/2021 14:54,240,175,-2.648,348.2,22.61,
1,21,9/7/2021 14:55,241,180,-2.604,347.7,22.61,
1,21,9/7/2021 14:55,242,185,-2.586,346.2,22.61,
1,21,9/7/2021 14:55,243,190,-2.567,345.3,22.61,
1,21,9/7/2021 14:55,244,195,-2.549,344.5,22.61,
1,21,9/7/2021 14:55,245,200,-2.523,343.7,22.61,
1,21,9/7/2021 14:55,246,205,-2.51,342.9,22.61,
1,21,9/7/2021 14:55,247,210,-2.497,342.4,22.61,
1,21,9/7/2021 14:55,248,215,-2.481,342.3,22.61,
1,21,9/7/2021 14:55,249,220,-2.46,341.5,22.61,
1,21,9/7/2021 14:55,250,225,-2.449,341,22.61,
1,21,9/7/2021 14:55,251,230,-2.428,340.6,22.61,
1,21,9/7/2021 14:55,252,235,-2.41,340.2,22.61,
1,21,9/7/2021 14:56,253,240,-2.407,339.4,22.61,
1,21,9/7/2021 14:56,254,245,-2.392,338.5,22.61,
1,21,9/7/2021 14:56,255,250,-2.371,338,22.61,
1,21,9/7/2021 14:56,256,255,-2.344,337.2,22.61,
1,21,9/7/2021 14:56,257,260,-2.35,337.2,22.61,
1,21,9/7/2021 14:56,258,265,-2.329,337,22.61,
1,21,9/7/2021 14:56,259,270,-2.313,336,22.61,
1,21,9/7/2021 14:56,260,275,-2.303,335.8,22.61,
1,21,9/7/2021 14:56,261,280,-2.287,335.2,22.61,
1,21,9/7/2021 14:56,262,285,-2.274,334.6,22.61,
1,21,9/7/2021 14:56,263,290,-2.276,334,22.61,
1,21,9/7/2021 14:56,264,295,-2.279,334.4,22.61,
1,21,9/7/2021 14:57,265,300,-2.271,333.9,22.61,
2,21,9/7/2021 14:59,289,0,-2.444,445.5,22.61,
2,21,9/7/2021 14:59,290,5,-2.486,406.3,22.61,
2,21,9/7/2021 14:59,291,10,-2.536,399.9,22.61,
2,21,9/7/2021 14:59,292,15,-2.609,396.3,22.61,
2,21,9/7/2021 14:59,293,20,-2.656,393.1,22.61,
2,21,9/7/2021 14:59,294,25,-2.664,390.2,22.61,
2,21,9/7/2021 14:59,295,30,-2.677,388.5,22.61,
2,21,9/7/2021 14:59,296,35,-2.675,385.7,22.61,
2,21,9/7/2021 14:59,297,40,-2.669,383.7,22.61,
2,21,9/7/2021 14:59,298,45,-2.654,381.7,22.61,
2,21,9/7/2021 14:59,299,50,-2.648,378.7,22.61,
2,21,9/7/2021 14:59,300,55,-2.651,377.1,22.61,
2,21,9/7/2021 15:00,301,60,-2.633,375.2,22.61,
2,21,9/7/2021 15:00,302,65,-2.623,373,22.6,
2,21,9/7/2021 15:00,303,70,-2.612,371.2,22.6,
2,21,9/7/2021 15:00,304,75,-2.597,368.8,22.61,
2,21,9/7/2021 15:00,305,80,-2.581,367.6,22.6,
2,21,9/7/2021 15:00,306,85,-2.573,365.5,22.61,
2,21,9/7/2021 15:00,307,90,-2.56,364.4,22.61,
2,21,9/7/2021 15:00,308,95,-2.56,362.7,22.61,
2,21,9/7/2021 15:00,309,100,-2.557,360.9,22.61,
2,21,9/7/2021 15:00,310,105,-2.544,359.9,22.6,
2,21,9/7/2021 15:00,311,110,-2.544,358.7,22.61,
2,21,9/7/2021 15:00,312,115,-2.526,357.2,22.61,
2,21,9/7/2021 15:01,313,120,-2.523,355.1,22.61,
2,21,9/7/2021 15:01,314,125,-2.513,354.1,22.61,
2,21,9/7/2021 15:01,315,130,-2.502,352.7,22.61,
2,21,9/7/2021 15:01,316,135,-2.489,351.9,22.61,
2,21,9/7/2021 15:01,317,140,-2.475,350.3,22.6,
2,21,9/7/2021 15:01,318,145,-2.454,349.3,22.61,
2,21,9/7/2021 15:01,319,150,-2.454,347.8,22.6,
2,21,9/7/2021 15:01,320,155,-2.449,346.7,22.61,
2,21,9/7/2021 15:01,321,160,-2.43,345.1,22.6,
2,21,9/7/2021 15:01,322,165,-2.415,344.1,22.6,
2,21,9/7/2021 15:01,323,170,-2.396,342.9,22.6,
2,21,9/7/2021 15:01,324,175,-2.386,342.4,22.6,
2,21,9/7/2021 15:02,325,180,-2.372,340.7,22.59,
2,21,9/7/2021 15:02,326,185,-2.349,339.3,22.59,
2,21,9/7/2021 15:02,327,190,-2.343,338.3,22.59,
2,21,9/7/2021 15:02,328,195,-2.317,337.6,22.6,
2,21,9/7/2021 15:02,329,200,-2.314,336.7,22.59,
2,21,9/7/2021 15:02,330,205,-2.28,335.4,22.59,
2,21,9/7/2021 15:02,331,210,-2.263,334,22.59,
2,21,9/7/2021 15:02,332,215,-2.26,333.7,22.6,
2,21,9/7/2021 15:02,333,220,-2.231,332.8,22.6,
2,21,9/7/2021 15:02,334,225,-2.199,331.6,22.6,
2,21,9/7/2021 15:02,335,230,-2.189,331.3,22.59,
2,21,9/7/2021 15:02,336,235,-2.157,330.5,22.59,
2,21,9/7/2021 15:03,337,240,-2.136,329.9,22.59,
2,21,9/7/2021 15:03,338,245,-2.109,328.6,22.59,
2,21,9/7/2021 15:03,339,250,-2.093,328.5,22.59,
2,21,9/7/2021 15:03,340,255,-2.064,327.8,22.59,
2,21,9/7/2021 15:03,341,260,-2.054,327.2,22.59,
2,21,9/7/2021 15:03,342,265,-2.043,326.3,22.59,
2,21,9/7/2021 15:03,343,270,-2.027,326,22.59,
2,21,9/7/2021 15:03,344,275,-2.009,325.6,22.59,
2,21,9/7/2021 15:03,345,280,-1.993,325.5,22.59,
2,21,9/7/2021 15:03,346,285,-1.972,324.4,22.59,
2,21,9/7/2021 15:03,347,290,-1.959,324,22.59,
2,21,9/7/2021 15:03,348,295,-1.951,323.6,22.59,
2,21,9/7/2021 15:04,349,300,-1.874,323.5,22.59,
3,21,9/7/2021 15:06,373,0,-2.24,415.2,22.59,
3,21,9/7/2021 15:06,374,5,-2.235,400.2,22.59,
3,21,9/7/2021 15:06,375,10,-2.227,396.8,22.59,
3,21,9/7/2021 15:06,376,15,-2.201,393.3,22.59,
3,21,9/7/2021 15:06,377,20,-2.175,390.2,22.59,
3,21,9/7/2021 15:06,378,25,-2.161,387.7,22.59,
3,21,9/7/2021 15:06,379,30,-2.167,385,22.59,
3,21,9/7/2021 15:06,380,35,-2.177,382.8,22.58,
3,21,9/7/2021 15:06,381,40,-2.193,380.1,22.58,
3,21,9/7/2021 15:06,382,45,-2.222,378.1,22.59,
3,21,9/7/2021 15:06,383,50,-2.241,375.6,22.56,
3,21,9/7/2021 15:06,384,55,-2.256,373.8,22.56,
3,21,9/7/2021 15:07,385,60,-2.283,371.3,22.58,
3,21,9/7/2021 15:07,386,65,-2.299,369.7,22.56,
3,21,9/7/2021 15:07,387,70,-2.299,368.2,22.56,
3,21,9/7/2021 15:07,388,75,-2.311,365.2,22.56,
3,21,9/7/2021 15:07,389,80,-2.309,363.2,22.56,
3,21,9/7/2021 15:07,390,85,-2.311,361.5,22.56,
3,21,9/7/2021 15:07,391,90,-2.306,359.9,22.56,
3,21,9/7/2021 15:07,392,95,-2.306,359,22.56,
3,21,9/7/2021 15:07,393,100,-2.274,357,22.56,
3,21,9/7/2021 15:07,394,105,-2.272,355.2,22.56,
3,21,9/7/2021 15:07,395,110,-2.269,353.8,22.56,
3,21,9/7/2021 15:07,396,115,-2.266,351.9,22.56,
3,21,9/7/2021 15:08,397,120,-2.245,351,22.56,
3,21,9/7/2021 15:08,398,125,-2.248,350.2,22.56,
3,21,9/7/2021 15:08,399,130,-2.235,348.5,22.56,
3,21,9/7/2021 15:08,400,135,-2.206,347.3,22.56,
3,21,9/7/2021 15:08,401,140,-2.208,345.8,22.56,
3,21,9/7/2021 15:08,402,145,-2.201,344.9,22.56,
3,21,9/7/2021 15:08,403,150,-2.207,344.1,22.56,
3,21,9/7/2021 15:08,404,155,-2.207,343.4,22.56,
3,21,9/7/2021 15:08,405,160,-2.202,342,22.56,
3,21,9/7/2021 15:08,406,165,-2.188,340.6,22.56,
3,21,9/7/2021 15:08,407,170,-2.172,340.5,22.56,
3,21,9/7/2021 15:08,408,175,-2.167,340.5,22.56,
3,21,9/7/2021 15:09,409,180,-2.172,339.5,22.56,
3,21,9/7/2021 15:09,410,185,-2.159,338.1,22.56,
3,21,9/7/2021 15:09,411,190,-2.165,338,22.56,
3,21,9/7/2021 15:09,412,195,-2.141,337.5,22.56,
3,21,9/7/2021 15:09,413,200,-2.122,337.3,22.56,
3,21,9/7/2021 15:09,414,205,-2.122,336.9,22.56,
3,21,9/7/2021 15:09,415,210,-2.114,336.9,22.56,
3,21,9/7/2021 15:09,416,215,-2.096,1481,22.56,
3,21,9/7/2021 15:09,417,220,-2.095,1834,22.56,
3,21,9/7/2021 15:09,418,225,-2.089,1852,22.56,
3,21,9/7/2021 15:09,419,230,-2.079,1862,22.56,
3,21,9/7/2021 15:09,420,235,-2.079,1869,22.56,
3,21,9/7/2021 15:10,421,240,-2.06,1872,22.56,
3,21,9/7/2021 15:10,422,245,-2.074,1874,22.56,
3,21,9/7/2021 15:10,423,250,-2.058,1879,22.56,
3,21,9/7/2021 15:10,424,255,-2.058,1883,22.56,
3,21,9/7/2021 15:10,425,260,-2.042,1885,22.56,
3,21,9/7/2021 15:10,426,265,-2.039,1886,22.56,
3,21,9/7/2021 15:10,427,270,-2.029,1887,22.56,
3,21,9/7/2021 15:10,428,275,-2.023,1886,22.56,
3,21,9/7/2021 15:10,429,280,-2.002,1878,22.56,
3,21,9/7/2021 15:10,430,285,-1.999,1870,22.56,
3,21,9/7/2021 15:10,431,290,-2,1869,22.56,
3,21,9/7/2021 15:10,432,295,-1.987,1871,22.56,
3,21,9/7/2021 15:11,433,300,-1.979,1875,22.56,
