TIMESTAMP,RECORD,Solar_W/m2,AirTemp_dC,Vapor_Pressure_kPa,AtmPressure_kPa,RelHumidity,WindSpeed_m/s,WindDirection
9/29/2021 12:20,16158,784,14,0.89,93.2,0.554,1.28,224.7
9/29/2021 12:20,16159,706,14,0.89,93.2,0.554,3.17,185.2
9/29/2021 12:21,16160,598,13.9,0.88,93.2,0.555,1.82,176.2
9/29/2021 12:21,16161,263,13.9,0.89,93.2,0.563,2.24,150.7
9/29/2021 12:21,16162,220,14.2,0.88,93.2,0.551,1.94,133.1
9/29/2021 12:21,16163,253,13.8,0.87,93.2,0.555,1.58,180.2
9/29/2021 12:22,16164,272,13.7,0.87,93.2,0.552,1.12,167.5
9/29/2021 12:22,16165,651,14.2,0.86,93.2,0.533,0.62,109.5
9/29/2021 12:22,16166,791,14.5,0.86,93.2,0.522,0.6,87.9
9/29/2021 12:22,16167,755,14.4,0.86,93.2,0.528,0.53,107.6
9/29/2021 12:23,16168,782,14.4,0.86,93.2,0.518,0.72,138.3
9/29/2021 12:23,16169,779,14.7,0.86,93.2,0.506,1.21,161.1
9/29/2021 12:23,16170,687,13.7,0.86,93.2,0.524,1.56,111.6
9/29/2021 12:23,16171,659,13.7,0.86,93.2,0.549,0.89,149.5
9/29/2021 12:24,16172,749,13.6,0.85,93.2,0.531,1.85,112.2
9/29/2021 12:24,16173,752,13.7,0.85,93.2,0.546,1.16,151.9
9/29/2021 12:24,16174,703,14,0.85,93.2,0.539,1.02,166.9
9/29/2021 12:24,16175,721,14.4,0.85,93.2,0.522,0.63,121.8
9/29/2021 12:25,16176,757,14,0.85,93.2,0.525,1.29,149.8
9/29/2021 12:25,16177,758,14.2,0.85,93.2,0.529,1.18,173.5
9/29/2021 12:25,16178,752,14.2,0.85,93.2,0.521,1.41,172.3
9/29/2021 12:25,16179,757,14.1,0.85,93.2,0.532,1.9,160.8
9/29/2021 12:26,16180,786,14.5,0.85,93.2,0.519,1.05,144
9/29/2021 12:26,16181,452,14.5,0.85,93.2,0.514,0.54,150.6
9/29/2021 12:26,16182,180,14.5,0.84,93.2,0.514,1.08,143.2
9/29/2021 12:26,16183,376,14.9,0.84,93.2,0.512,1.22,141.3
9/29/2021 12:27,16184,716,14.5,0.84,93.2,0.493,1.84,86.3
9/29/2021 12:27,16185,644,14.3,0.84,93.2,0.528,1.81,83.1
9/29/2021 12:27,16186,724,14.3,0.84,93.2,0.522,1.86,86.1
9/29/2021 12:27,16187,791,14.2,0.84,93.2,0.527,1.81,61.5
9/29/2021 12:28,16188,791,13.7,0.84,93.2,0.531,2.47,53.7
9/29/2021 12:28,16189,791,13.6,0.84,93.2,0.537,2.37,53.3
9/29/2021 12:28,16190,795,13.8,0.84,93.2,0.536,1.2,44.1
9/29/2021 12:28,16191,796,14.4,0.84,93.2,0.493,1.38,68.8
9/29/2021 12:29,16192,800,13.8,0.84,93.2,0.525,1.15,77.4
9/29/2021 12:29,16193,806,14.1,0.84,93.2,0.526,1.83,102.1
9/29/2021 12:29,16194,810,14.6,0.84,93.2,0.5,0.99,86.7
9/29/2021 12:29,16195,816,14.1,0.84,93.2,0.511,1.15,39.8
9/29/2021 12:30,16196,821,13.9,0.84,93.2,0.535,1.66,43.7
9/29/2021 12:30,16197,826,14.1,0.84,93.2,0.529,1.3,56.3
9/29/2021 12:30,16198,833,14.1,0.84,93.2,0.523,1.58,63
9/29/2021 12:30,16199,815,13.7,0.85,93.2,0.542,3.72,66.9
9/29/2021 12:31,16200,649,13.3,0.84,93.2,0.552,3.04,48.2
9/29/2021 12:31,16201,669,13.3,0.84,93.2,0.546,1.91,34.2
9/29/2021 12:31,16202,805,13.9,0.83,93.2,0.532,2.67,62.2
9/29/2021 12:31,16203,476,13.9,0.84,93.2,0.531,2.44,79.9
9/29/2021 12:32,16204,211,13.6,0.83,93.2,0.528,2.66,81.6
9/29/2021 12:32,16205,209,13.3,0.83,93.2,0.547,2.67,72.8
9/29/2021 12:32,16206,205,13.3,0.82,93.2,0.533,2.66,100
9/29/2021 12:32,16207,194,13.7,0.82,93.2,0.534,1.63,129.9
9/29/2021 12:33,16208,181,13.6,0.82,93.2,0.524,0.77,107.7
9/29/2021 12:33,16209,171,14.2,0.81,93.2,0.509,0.75,16
9/29/2021 12:33,16210,168,14,0.82,93.2,0.508,0.88,354.8
9/29/2021 12:33,16211,191,14,0.82,93.2,0.517,0.83,58.1
9/29/2021 12:34,16212,240,14.2,0.83,93.2,0.51,0.82,151.7
9/29/2021 12:34,16213,351,14,0.83,93.2,0.517,0.97,68.1
9/29/2021 12:34,16214,445,13.8,0.83,93.2,0.525,1.65,66.2
9/29/2021 12:34,16215,534,14.1,0.83,93.2,0.519,1.76,60.4
9/29/2021 12:35,16216,784,14.6,0.84,93.2,0.516,1.35,82.9
9/29/2021 12:35,16217,830,14.4,0.84,93.2,0.51,1.87,119.6
9/29/2021 12:35,16218,822,14.4,0.84,93.2,0.509,1.4,117.9
9/29/2021 12:35,16219,823,14,0.84,93.2,0.528,1.91,107
9/29/2021 12:36,16220,528,14,0.84,93.2,0.531,3.01,123.1
9/29/2021 12:36,16221,205,14,0.83,93.2,0.532,1.86,128.3
9/29/2021 12:36,16222,185,14.1,0.83,93.2,0.508,1.77,124.1
9/29/2021 12:36,16223,167,14,0.82,93.2,0.514,1.31,95
9/29/2021 12:37,16224,157,13.9,0.82,93.2,0.516,1.26,66.7
9/29/2021 12:37,16225,152,14,0.82,93.2,0.516,1.51,66
9/29/2021 12:37,16226,148,14,0.82,93.2,0.505,1.48,76.9
9/29/2021 12:37,16227,144,13.8,0.81,93.2,0.516,1.44,86.1
9/29/2021 12:38,16228,143,13.7,0.81,93.2,0.517,2.23,77
9/29/2021 12:38,16229,146,13.6,0.81,93.2,0.52,1.44,77.9
9/29/2021 12:38,16230,152,13.6,0.81,93.2,0.524,0.87,79.8
9/29/2021 12:38,16231,161,13.8,0.8,93.2,0.511,0.45,74.6
9/29/2021 12:39,16232,164,13.8,0.81,93.2,0.511,1.08,136.6
9/29/2021 12:39,16233,166,13.8,0.81,93.2,0.514,1.24,129
9/29/2021 12:39,16234,167,13.9,0.81,93.2,0.51,1,139.4
9/29/2021 12:39,16235,168,13.9,0.8,93.2,0.501,0.74,161.5
9/29/2021 12:40,16236,178,13.8,0.8,93.2,0.517,1.23,172.5
9/29/2021 12:40,16237,193,13.7,0.8,93.2,0.518,1.36,157.7
9/29/2021 12:40,16238,268,13.8,0.8,93.2,0.509,1.27,166.5
9/29/2021 12:40,16239,458,13.6,0.8,93.2,0.518,1.18,143.9
9/29/2021 12:41,16240,406,13.5,0.8,93.2,0.525,0.87,150.3
9/29/2021 12:41,16241,757,13.4,0.8,93.2,0.521,1.35,91.2
9/29/2021 12:41,16242,676,13.4,0.81,93.2,0.53,1.95,82.7
9/29/2021 12:41,16243,772,13.6,0.81,93.2,0.518,1.89,66.1
9/29/2021 12:42,16244,810,13.9,0.81,93.2,0.514,1.53,97.1
9/29/2021 12:42,16245,767,14.1,0.81,93.2,0.495,0.91,138.6
9/29/2021 12:42,16246,658,13.9,0.81,93.2,0.507,1.64,150.1
9/29/2021 12:42,16247,690,14,0.81,93.2,0.51,1.01,136.8
9/29/2021 12:43,16248,468,14.1,0.81,93.2,0.506,0.97,111.5
9/29/2021 12:43,16249,276,13.8,0.81,93.2,0.505,1.51,146.2
9/29/2021 12:43,16250,231,13.6,0.81,93.2,0.529,2.38,112
9/29/2021 12:43,16251,307,14,0.8,93.2,0.505,1.66,127.3
9/29/2021 12:44,16252,401,13.9,0.81,93.2,0.498,1.41,102.3
9/29/2021 12:44,16253,189,13.5,0.8,93.2,0.522,1.07,129.1
9/29/2021 12:44,16254,157,13.9,0.8,93.2,0.512,1.49,162.1
9/29/2021 12:44,16255,144,14.2,0.8,93.2,0.496,0.57,216.4
9/29/2021 12:45,16256,136,14.2,0.8,93.2,0.488,0.72,169.7
9/29/2021 12:45,16257,128,13.9,0.79,93.2,0.492,0.89,165.2
9/29/2021 12:45,16258,123,13.8,0.79,93.2,0.5,0.78,182.9
9/29/2021 12:45,16259,119,13.6,0.79,93.2,0.508,1.28,134.4
9/29/2021 12:46,16260,118,13.6,0.79,93.2,0.507,0.8,138
9/29/2021 12:46,16261,120,13.9,0.79,93.2,0.485,1.24,155.9
9/29/2021 12:46,16262,131,13.3,0.79,93.2,0.516,0.81,177.8
9/29/2021 12:46,16263,153,13.4,0.79,93.2,0.511,0.4,195.2
9/29/2021 12:47,16264,505,13.2,0.79,93.2,0.518,0.5,219
9/29/2021 12:47,16265,605,13.3,0.79,93.2,0.516,0.59,213
9/29/2021 12:47,16266,697,13.3,0.8,93.2,0.53,1.13,183.3
9/29/2021 12:47,16267,656,13.7,0.8,93.2,0.501,0.46,162.4
9/29/2021 12:48,16268,387,13.4,0.8,93.2,0.525,0.7,199.2
9/29/2021 12:48,16269,253,13.5,0.8,93.2,0.511,1,235
9/29/2021 12:48,16270,182,13.7,0.8,93.2,0.518,1.18,235
9/29/2021 12:48,16271,178,14.1,0.8,93.2,0.501,0.48,232.4
9/29/2021 12:49,16272,311,14.3,0.8,93.2,0.485,0.28,46
9/29/2021 12:49,16273,691,14,0.8,93.2,0.499,0.39,164.7
9/29/2021 12:49,16274,769,13.5,0.8,93.2,0.518,1.5,229.9
9/29/2021 12:49,16275,754,13.5,0.81,93.2,0.518,1.47,233.1
9/29/2021 12:50,16276,745,13.7,0.81,93.2,0.519,1.48,256.7
9/29/2021 12:50,16277,739,13.8,0.8,93.2,0.512,1.48,234.6
9/29/2021 12:50,16278,737,14,0.8,93.2,0.508,0.85,232.3
9/29/2021 12:50,16279,735,14.3,0.81,93.2,0.499,0.74,287.8
9/29/2021 12:51,16280,734,14.2,0.81,93.2,0.495,0.75,236.8
9/29/2021 12:51,16281,732,13.7,0.81,93.2,0.527,1.29,224.7
9/29/2021 12:51,16282,733,14,0.81,93.2,0.516,0.51,258.4
9/29/2021 12:51,16283,734,14.1,0.81,93.2,0.497,0.6,205.8
9/29/2021 12:52,16284,736,14.1,0.81,93.2,0.505,1.21,226
9/29/2021 12:52,16285,739,14.1,0.81,93.2,0.508,1,218.9
9/29/2021 12:52,16286,742,14,0.81,93.2,0.499,1.02,239.8
9/29/2021 12:52,16287,745,13.8,0.81,93.2,0.513,0.78,231.5
9/29/2021 12:53,16288,750,13.9,0.81,93.2,0.51,0.79,239.5
9/29/2021 12:53,16289,754,14.1,0.81,93.2,0.515,0.97,210.4
9/29/2021 12:53,16290,759,14.2,0.82,93.2,0.502,0.7,201.6
9/29/2021 12:53,16291,761,14.2,0.82,93.2,0.505,0.71,155.8
9/29/2021 12:54,16292,764,14.1,0.82,93.2,0.515,1.11,209.7
9/29/2021 12:54,16293,768,14,0.83,93.2,0.507,1.58,228.1
9/29/2021 12:54,16294,767,13.9,0.83,93.2,0.518,1.38,247.5
9/29/2021 12:54,16295,770,13.7,0.82,93.2,0.527,1.2,232.2
9/29/2021 12:55,16296,771,13.9,0.82,93.2,0.512,1.32,209
9/29/2021 12:55,16297,773,14.1,0.82,93.2,0.512,1.03,230.5
9/29/2021 12:55,16298,773,14,0.82,93.2,0.51,0.9,244.3
9/29/2021 12:55,16299,770,13.9,0.82,93.2,0.522,0.85,243.1
9/29/2021 12:56,16300,768,14.1,0.83,93.2,0.509,0.77,200.2
9/29/2021 12:56,16301,766,14.8,0.83,93.2,0.512,0.28,157.4
9/29/2021 12:56,16302,765,14.6,0.83,93.2,0.474,0.35,165.2
9/29/2021 12:56,16303,768,14.3,0.83,93.2,0.519,0.89,103.2
9/29/2021 12:57,16304,767,14.2,0.84,93.2,0.499,0.66,224.2
9/29/2021 12:57,16305,767,13.9,0.84,93.2,0.537,0.67,193
9/29/2021 12:57,16306,769,14.2,0.84,93.2,0.517,1.11,149.7
9/29/2021 12:57,16307,769,14.7,0.85,93.2,0.522,1.04,161.6
9/29/2021 12:58,16308,769,14.8,0.85,93.2,0.496,0.88,191.9
9/29/2021 12:58,16309,769,14.8,0.85,93.2,0.51,1.31,222.4
9/29/2021 12:58,16310,770,15.1,0.85,93.2,0.496,0.57,226.7
9/29/2021 12:58,16311,769,14.7,0.85,93.2,0.499,0.96,219.1
9/29/2021 12:59,16312,767,14.7,0.85,93.2,0.514,1.51,212.9
9/29/2021 12:59,16313,764,15,0.85,93.2,0.495,1.97,189.9
9/29/2021 12:59,16314,760,14.7,0.86,93.2,0.515,1.85,182.8
9/29/2021 12:59,16315,759,15.2,0.86,93.2,0.505,0.93,211.3
9/29/2021 13:00,16316,754,14.9,0.86,93.2,0.514,1.62,194.4
9/29/2021 13:00,16317,752,15,0.86,93.2,0.502,0.97,237.3
9/29/2021 13:00,16318,752,14.8,0.86,93.2,0.512,0.9,199.8
9/29/2021 13:00,16319,752,14.5,0.86,93.2,0.518,0.7,197.5
9/29/2021 13:01,16320,752,14.6,0.86,93.2,0.519,1.11,224.1
9/29/2021 13:01,16321,752,14.4,0.86,93.2,0.517,1.19,229
9/29/2021 13:01,16322,751,14.1,0.86,93.2,0.538,0.8,216.7
9/29/2021 13:01,16323,753,14.5,0.86,93.2,0.533,0.51,192.5
9/29/2021 13:02,16324,754,15.3,0.86,93.2,0.499,0.4,66.6
9/29/2021 13:02,16325,754,14.9,0.87,93.2,0.491,1.26,74.5
9/29/2021 13:02,16326,756,14.3,0.87,93.2,0.546,1.14,99.5
9/29/2021 13:02,16327,759,15.3,0.86,93.2,0.497,0.29,193.2
9/29/2021 13:03,16328,759,15.1,0.86,93.2,0.496,0.51,295.3
9/29/2021 13:03,16329,759,14.9,0.86,93.2,0.513,0.9,173.3
9/29/2021 13:03,16330,760,15.2,0.87,93.2,0.509,0.49,179.7
9/29/2021 13:03,16331,767,14.7,0.87,93.2,0.497,0.9,211.2
9/29/2021 13:04,16332,765,14.2,0.87,93.2,0.543,1.43,210.6
9/29/2021 13:04,16333,762,14.4,0.86,93.2,0.537,1.12,221.2
9/29/2021 13:04,16334,753,14.5,0.86,93.2,0.512,1.1,205.5
9/29/2021 13:04,16335,720,14,0.86,93.2,0.536,1.63,207.2
9/29/2021 13:05,16336,696,14.5,0.85,93.2,0.531,1.83,177
9/29/2021 13:05,16337,736,14.7,0.85,93.2,0.503,0.55,296.2
9/29/2021 13:05,16338,669,15.1,0.85,93.2,0.51,0.41,332
9/29/2021 13:05,16339,712,15.6,0.86,93.2,0.475,1.15,350.8
9/29/2021 13:06,16340,725,15.4,0.88,93.2,0.486,2.12,305.1
9/29/2021 13:06,16341,723,14.8,0.88,93.2,0.523,2.15,220.1
9/29/2021 13:06,16342,722,14.9,0.87,93.2,0.51,1.72,234.6
9/29/2021 13:06,16343,720,14.9,0.86,93.2,0.512,1.59,226.6
9/29/2021 13:07,16344,703,14.6,0.86,93.2,0.513,1.23,213.8
9/29/2021 13:07,16345,643,15.3,0.86,93.2,0.506,1.85,154.7
9/29/2021 13:07,16346,658,15,0.86,93.2,0.495,1.57,183.2
9/29/2021 13:07,16347,669,14.5,0.86,93.2,0.509,1.24,169.9
9/29/2021 13:08,16348,575,14.3,0.85,93.2,0.523,1.76,127
9/29/2021 13:08,16349,604,13.9,0.85,93.2,0.527,2.74,100.1
9/29/2021 13:08,16350,662,14.2,0.84,93.2,0.528,1.94,113.2
9/29/2021 13:08,16351,697,14.3,0.84,93.2,0.524,1.45,143.5
9/29/2021 13:09,16352,708,15,0.84,93.2,0.501,0.74,168.4
9/29/2021 13:09,16353,733,14.8,0.84,93.2,0.484,0.92,172.3
9/29/2021 13:09,16354,718,14.1,0.85,93.2,0.535,1.39,165.7
9/29/2021 13:09,16355,569,14.6,0.85,93.2,0.509,0.66,175.8
9/29/2021 13:10,16356,354,14.4,0.84,93.2,0.515,1.14,179.9
9/29/2021 13:10,16357,348,13.9,0.84,93.2,0.514,1.75,109.6
9/29/2021 13:10,16358,187,13.4,0.84,93.2,0.55,2.96,98.9
9/29/2021 13:10,16359,232,14,0.83,93.2,0.528,1.08,95.8
9/29/2021 13:11,16360,284,14.7,0.83,93.2,0.496,0.94,134.5
9/29/2021 13:11,16361,499,14.5,0.83,93.2,0.508,1.16,147.1
9/29/2021 13:11,16362,642,14.2,0.83,93.2,0.512,1.36,111.8
9/29/2021 13:11,16363,659,14,0.83,93.2,0.521,1.71,112.5
9/29/2021 13:12,16364,625,14,0.83,93.2,0.509,1.84,105.8
9/29/2021 13:12,16365,571,14.2,0.83,93.2,0.521,1.54,122.4
9/29/2021 13:12,16366,617,14.2,0.82,93.2,0.5,2.83,116.4
9/29/2021 13:12,16367,536,14.2,0.82,93.2,0.515,2.32,107.3
9/29/2021 13:13,16368,538,14.1,0.82,93.2,0.517,1.44,110.6
9/29/2021 13:13,16369,517,14.2,0.82,93.2,0.509,1.59,100.1
9/29/2021 13:13,16370,503,14.5,0.82,93.2,0.505,1.59,131.6
9/29/2021 13:13,16371,505,14.7,0.82,93.2,0.49,1.38,148.6
9/29/2021 13:14,16372,493,14.6,0.82,93.2,0.497,0.9,129.8
9/29/2021 13:14,16373,484,14.1,0.82,93.2,0.506,0.94,97.9
9/29/2021 13:14,16374,490,14,0.82,93.2,0.511,0.81,71.9
9/29/2021 13:14,16375,519,14.1,0.82,93.2,0.51,0.27,57.2
9/29/2021 13:15,16376,539,14.2,0.81,93.2,0.5,0.46,29.3
9/29/2021 13:15,16377,585,14.3,0.81,93.2,0.499,0.42,43.8
9/29/2021 13:15,16378,597,14.3,0.81,93.2,0.496,0.45,63.1
9/29/2021 13:15,16379,583,14.2,0.81,93.2,0.506,0.53,84.5
9/29/2021 13:16,16380,530,14.1,0.82,93.2,0.511,1.01,109.8
9/29/2021 13:16,16381,504,14.5,0.82,93.2,0.499,0.6,143.7
9/29/2021 13:16,16382,435,14.7,0.82,93.2,0.496,0.38,124.2
9/29/2021 13:16,16383,365,14.3,0.81,93.2,0.494,0.72,308.9
9/29/2021 13:17,16384,361,14.1,0.81,93.2,0.517,0.93,282.9
9/29/2021 13:17,16385,308,14.5,0.81,93.2,0.491,1.27,169.9
9/29/2021 13:17,16386,223,15,0.81,93.2,0.48,1.4,188.7
9/29/2021 13:17,16387,211,14.8,0.82,93.2,0.487,1.09,192.1
9/29/2021 13:18,16388,229,14.9,0.82,93.2,0.483,0.71,197.2
9/29/2021 13:18,16389,236,15.3,0.82,93.2,0.484,0.43,144.8
9/29/2021 13:18,16390,239,15.2,0.83,93.2,0.484,0.73,128.7
9/29/2021 13:18,16391,242,15.3,0.83,93.2,0.478,0.87,163.8
9/29/2021 13:19,16392,263,15.3,0.84,93.2,0.487,0.78,170
9/29/2021 13:19,16393,263,15.4,0.84,93.2,0.479,0.97,168.6
9/29/2021 13:19,16394,151,15.1,0.83,93.2,0.479,1.15,175.2
9/29/2021 13:19,16395,145,15.1,0.83,93.2,0.484,1.98,209.6
9/29/2021 13:20,16396,132,14.8,0.84,93.2,0.494,1.51,199.9
9/29/2021 13:20,16397,105,14.8,0.84,93.2,0.497,1.37,213
9/29/2021 13:20,16398,96,14.6,0.83,93.2,0.489,2.34,213.3
9/29/2021 13:20,16399,121,14.5,0.83,93.2,0.504,1.46,226.4
9/29/2021 13:21,16400,141,14.9,0.82,93.2,0.488,1.47,210.6
9/29/2021 13:21,16401,144,14.9,0.83,93.2,0.487,1.94,156.6
9/29/2021 13:21,16402,146,14.8,0.83,93.2,0.494,1,146.2
9/29/2021 13:21,16403,146,14.8,0.82,93.2,0.491,0.83,147.9
9/29/2021 13:22,16404,147,14.8,0.82,93.2,0.488,0.77,167.4
9/29/2021 13:22,16405,143,14.8,0.82,93.2,0.488,0.8,162.6
9/29/2021 13:22,16406,139,15,0.82,93.2,0.482,1.02,150
9/29/2021 13:22,16407,132,14.5,0.82,93.2,0.497,1.16,153.1
9/29/2021 13:23,16408,127,14.7,0.82,93.2,0.488,1.01,85.9
9/29/2021 13:23,16409,124,14.8,0.82,93.2,0.494,1.54,134.3
9/29/2021 13:23,16410,123,15,0.82,93.2,0.479,1.41,153.5
9/29/2021 13:23,16411,123,14.8,0.82,93.2,0.486,1.5,149.3
9/29/2021 13:24,16412,128,15,0.82,93.2,0.479,0.96,106.8
9/29/2021 13:24,16413,150,14.9,0.82,93.2,0.483,1.07,100.5
9/29/2021 13:24,16414,162,15.2,0.82,93.2,0.474,1.62,172.2
9/29/2021 13:24,16415,148,15.1,0.82,93.2,0.477,1.25,191.9
9/29/2021 13:25,16416,153,15.5,0.82,93.2,0.468,1.29,180.2
9/29/2021 13:25,16417,156,15.3,0.82,93.2,0.475,0.93,156.4
9/29/2021 13:25,16418,130,14.6,0.82,93.2,0.493,0.53,83.9
9/29/2021 13:25,16419,128,14.7,0.81,93.2,0.488,0.7,100.6
9/29/2021 13:26,16420,123,15,0.81,93.2,0.477,0.42,114.9
9/29/2021 13:26,16421,123,15.4,0.81,93.2,0.461,0.55,340.8
9/29/2021 13:26,16422,120,15.2,0.81,93.2,0.467,0.26,293
9/29/2021 13:26,16423,122,14.6,0.8,93.2,0.485,0.57,14.5
9/29/2021 13:27,16424,121,15,0.81,93.2,0.47,1.04,125.9
9/29/2021 13:27,16425,128,15,0.81,93.2,0.474,2.01,111.3
9/29/2021 13:27,16426,119,15.4,0.81,93.2,0.463,1.74,129.8
9/29/2021 13:27,16427,121,15.8,0.81,93.2,0.453,1.64,205.9
9/29/2021 13:28,16428,116,14.5,0.82,93.2,0.495,1.82,251.3
9/29/2021 13:28,16429,109,14.9,0.81,93.2,0.481,1.47,216.3
9/29/2021 13:28,16430,113,15,0.81,93.2,0.477,1.8,199.9
9/29/2021 13:28,16431,107,15,0.82,93.2,0.481,1.99,136.3
9/29/2021 13:29,16432,108,15.3,0.82,93.2,0.471,1.84,96.4
9/29/2021 13:29,16433,105,15,0.82,93.2,0.48,0.97,87.2
9/29/2021 13:29,16434,108,15.2,0.82,93.2,0.475,0.71,169.4
9/29/2021 13:29,16435,108,15,0.82,93.2,0.483,0.84,162.4
9/29/2021 13:30,16436,108,15,0.82,93.2,0.481,0.34,195.3
9/29/2021 13:30,16437,108,15.4,0.82,93.2,0.466,0.07,225.8
9/29/2021 13:30,16438,108,15.1,0.81,93.2,0.475,0.55,253.8
9/29/2021 13:30,16439,116,15.1,0.81,93.2,0.474,0.47,328.5
9/29/2021 13:31,16440,122,14.9,0.81,93.2,0.483,0.9,257.6
9/29/2021 13:31,16441,123,16.1,0.82,93.2,0.446,0.14,304
9/29/2021 13:31,16442,113,15.3,0.83,93.2,0.476,1.2,20.9
9/29/2021 13:31,16443,124,14.4,0.83,93.2,0.504,2.1,41.3
9/29/2021 13:32,16444,117,14.7,0.83,93.2,0.495,2.12,17.2
9/29/2021 13:32,16445,105,14,0.83,93.2,0.518,2.86,24.7
9/29/2021 13:32,16446,116,14.4,0.82,93.2,0.502,1.91,33.2
9/29/2021 13:32,16447,113,14.7,0.82,93.2,0.491,2.04,31.5
9/29/2021 13:33,16448,112,14.7,0.82,93.2,0.491,1.71,45.7
9/29/2021 13:33,16449,110,15,0.82,93.2,0.48,1.23,74.9
9/29/2021 13:33,16450,124,14.6,0.82,93.2,0.491,2.28,114
9/29/2021 13:33,16451,133,14.1,0.81,93.2,0.505,1.47,119.6
9/29/2021 13:34,16452,178,14.6,0.81,93.2,0.489,0.92,121.1
9/29/2021 13:34,16453,157,14.9,0.81,93.2,0.479,1.64,105.6
9/29/2021 13:34,16454,207,14.8,0.81,93.2,0.483,1.62,137.9
9/29/2021 13:34,16455,235,14.7,0.81,93.2,0.486,0.69,10.7
9/29/2021 13:35,16456,252,14.6,0.81,93.2,0.488,0.91,119.4
9/29/2021 13:35,16457,250,15.2,0.81,93.2,0.471,1.28,127.7
9/29/2021 13:35,16458,286,14.4,0.82,93.2,0.496,2.22,161
9/29/2021 13:35,16459,258,15.1,0.82,93.2,0.476,0.97,149
9/29/2021 13:36,16460,234,14.5,0.81,93.2,0.493,1.9,144.9
9/29/2021 13:36,16461,273,14.7,0.81,93.2,0.486,0.66,184.3
9/29/2021 13:36,16462,232,14.4,0.81,93.2,0.495,1.46,158
9/29/2021 13:36,16463,237,14.9,0.81,93.2,0.479,0.39,227.2
9/29/2021 13:37,16464,250,15.4,0.81,93.2,0.464,0.2,95.3
9/29/2021 13:37,16465,224,14.2,0.81,93.2,0.503,2.23,100.5
9/29/2021 13:37,16466,211,14.2,0.81,93.2,0.5,2.39,111.1
9/29/2021 13:37,16467,233,15.9,0.81,93.2,0.45,2.63,166.7
9/29/2021 13:38,16468,221,14.3,0.81,93.2,0.5,1.29,153.7
9/29/2021 13:38,16469,217,14.2,0.81,93.2,0.501,1,114.9
9/29/2021 13:38,16470,223,14.8,0.81,93.2,0.481,0.83,158
9/29/2021 13:38,16471,219,14.6,0.81,93.2,0.489,1.18,162.7
9/29/2021 13:39,16472,222,14.1,0.81,93.2,0.504,1.36,164
9/29/2021 13:39,16473,201,14.3,0.81,93.2,0.496,0.74,155.7
9/29/2021 13:39,16474,191,14.7,0.81,93.2,0.483,1.46,170.9
9/29/2021 13:39,16475,193,14.5,0.81,93.2,0.49,1.35,175.7
9/29/2021 13:40,16476,165,15.1,0.81,93.2,0.476,2.21,219.1
9/29/2021 13:40,16477,136,14.4,0.82,93.1,0.497,2.56,276.7
9/29/2021 13:40,16478,120,14.7,0.82,93.2,0.489,1.43,241.7
9/29/2021 13:40,16479,120,15.1,0.82,93.2,0.477,1.97,208.6
9/29/2021 13:41,16480,109,14.9,0.82,93.2,0.485,1.43,199.3
9/29/2021 13:41,16481,130,14.6,0.82,93.2,0.495,1.23,134.1
9/29/2021 13:41,16482,123,14.7,0.82,93.2,0.488,2.07,212.6
9/29/2021 13:41,16483,122,15,0.82,93.2,0.482,1.15,280.4
9/29/2021 13:42,16484,135,14.6,0.82,93.2,0.496,1.18,227
9/29/2021 13:42,16485,134,14.8,0.82,93.2,0.489,1.8,205.6
9/29/2021 13:42,16486,129,14.7,0.82,93.2,0.492,2.12,146.4
9/29/2021 13:42,16487,131,14.2,0.82,93.2,0.505,1.56,153.7
9/29/2021 13:43,16488,126,14.9,0.82,93.2,0.485,1.31,164.5
9/29/2021 13:43,16489,126,14.5,0.82,93.2,0.498,1.32,126.5
9/29/2021 13:43,16490,175,14.4,0.82,93.2,0.497,1.93,226.4
9/29/2021 13:43,16491,365,14.6,0.82,93.2,0.495,1.03,257.4
9/29/2021 13:44,16492,167,14.7,0.82,93.2,0.49,0.73,183.3
9/29/2021 13:44,16493,227,14.4,0.81,93.2,0.498,1.29,136.9
9/29/2021 13:44,16494,200,14.7,0.81,93.2,0.486,0.85,140.4
9/29/2021 13:44,16495,240,14.8,0.81,93.2,0.483,0.88,149.8
9/29/2021 13:45,16496,291,15,0.82,93.2,0.48,1.22,233.8
9/29/2021 13:45,16497,278,14.4,0.82,93.2,0.5,1.33,234.5
9/29/2021 13:45,16498,272,14.4,0.82,93.2,0.499,1.15,197.3
9/29/2021 13:45,16499,246,14.9,0.82,93.2,0.484,1.96,216.3
9/29/2021 13:46,16500,258,14.5,0.82,93.2,0.497,1.33,255.9
9/29/2021 13:46,16501,292,14.6,0.82,93.2,0.493,1.32,260
9/29/2021 13:46,16502,297,14.5,0.82,93.2,0.493,1.24,243.5
9/29/2021 13:46,16503,325,14.6,0.82,93.2,0.492,0.84,217.9
9/29/2021 13:47,16504,299,14.7,0.82,93.2,0.487,1.97,225.2
9/29/2021 13:47,16505,256,15.2,0.82,93.2,0.474,1.78,230.8
9/29/2021 13:47,16506,315,14.7,0.82,93.2,0.49,2.83,209.1
9/29/2021 13:47,16507,318,14.6,0.82,93.2,0.493,1.02,217.4
9/29/2021 13:48,16508,302,14.9,0.82,93.2,0.482,1.55,230.3
9/29/2021 13:48,16509,293,14.6,0.82,93.2,0.495,1.31,205.9
9/29/2021 13:48,16510,294,14.9,0.83,93.2,0.487,0.87,252.4
9/29/2021 13:48,16511,277,14.7,0.83,93.2,0.495,1.87,223.9
9/29/2021 13:49,16512,190,14.4,0.82,93.2,0.502,1.92,158
9/29/2021 13:49,16513,193,14.9,0.82,93.2,0.486,0.86,160.7
9/29/2021 13:49,16514,138,14.5,0.82,93.1,0.498,2.07,168.4
9/29/2021 13:49,16515,143,14.8,0.82,93.2,0.489,1.24,167.2
9/29/2021 13:50,16516,141,14.5,0.82,93.1,0.501,2.24,159.3
9/29/2021 13:50,16517,183,14.5,0.82,93.1,0.498,1.38,155.1
9/29/2021 13:50,16518,161,14.3,0.82,93.1,0.502,1.86,171.9
9/29/2021 13:50,16519,183,14.5,0.82,93.1,0.498,1.06,205.6
9/29/2021 13:51,16520,169,15,0.82,93.1,0.482,0.72,156.9
9/29/2021 13:51,16521,224,14.8,0.82,93.1,0.489,1.06,155.5
9/29/2021 13:51,16522,193,14.7,0.82,93.1,0.492,1.13,227.2
9/29/2021 13:51,16523,219,15.2,0.82,93.1,0.477,0.12,332.6
9/29/2021 13:52,16524,239,15.9,0.82,93.1,0.456,0.15,138.4
9/29/2021 13:52,16525,235,15.6,0.83,93.1,0.469,0.64,136.1
9/29/2021 13:52,16526,250,15.6,0.83,93.1,0.471,0.5,139.7
9/29/2021 13:52,16527,291,15.5,0.84,93.1,0.477,1.17,82.5
9/29/2021 13:53,16528,266,15.5,0.84,93.1,0.477,1.24,143.3
9/29/2021 13:53,16529,244,15.6,0.84,93.1,0.471,0.81,167.4
9/29/2021 13:53,16530,262,15.1,0.84,93.2,0.488,1.12,205.5
9/29/2021 13:53,16531,243,15,0.83,93.2,0.489,1.22,149.8
9/29/2021 13:54,16532,279,15.3,0.83,93.2,0.477,0.8,159.9
9/29/2021 13:54,16533,239,15.3,0.83,93.2,0.478,1.67,169.2
9/29/2021 13:54,16534,229,15.2,0.83,93.2,0.481,1.21,198.9
9/29/2021 13:54,16535,233,15.1,0.83,93.2,0.483,0.95,180.8
9/29/2021 13:55,16536,231,15.4,0.83,93.2,0.472,0.43,164.8
9/29/2021 13:55,16537,208,15.5,0.83,93.2,0.468,1.01,101.2
9/29/2021 13:55,16538,217,14.4,0.82,93.2,0.501,2.36,124.2
9/29/2021 13:55,16539,216,14.2,0.82,93.2,0.509,1.03,96.4
9/29/2021 13:56,16540,213,15,0.82,93.2,0.482,0.82,187.8
9/29/2021 13:56,16541,224,15.1,0.83,93.2,0.482,0.58,136.4
9/29/2021 13:56,16542,226,15.2,0.83,93.2,0.481,0.4,173.1
9/29/2021 13:56,16543,224,15.3,0.83,93.2,0.477,0.81,217.5
9/29/2021 13:57,16544,220,14.7,0.83,93.2,0.496,1.78,194.7
9/29/2021 13:57,16545,194,14.3,0.83,93.2,0.509,1.39,226.9
9/29/2021 13:57,16546,202,14.4,0.83,93.2,0.504,1.75,210
9/29/2021 13:57,16547,213,14.6,0.82,93.2,0.497,1.2,228.5
9/29/2021 13:58,16548,233,14.9,0.83,93.2,0.488,1.49,205.9
9/29/2021 13:58,16549,230,14.9,0.83,93.2,0.489,1.02,222.5
9/29/2021 13:58,16550,188,14.7,0.83,93.1,0.498,1.13,147.5
9/29/2021 13:58,16551,197,14.7,0.83,93.2,0.494,0.7,118.6
9/29/2021 13:59,16552,212,14.3,0.82,93.1,0.504,1.46,100
9/29/2021 13:59,16553,216,14.2,0.82,93.1,0.507,1.38,115.5
9/29/2021 13:59,16554,261,14.4,0.82,93.2,0.5,0.71,157.4
9/29/2021 13:59,16555,282,14.8,0.82,93.2,0.488,0.95,184.1
9/29/2021 14:00,16556,301,14.9,0.83,93.2,0.491,1.16,148.6
9/29/2021 14:00,16557,334,15,0.83,93.1,0.486,1.41,149.2
9/29/2021 14:00,16558,318,14.9,0.83,93.1,0.488,2.11,179.3
9/29/2021 14:00,16559,288,15,0.83,93.2,0.485,1.13,179
9/29/2021 14:01,16560,250,15,0.83,93.2,0.486,1.16,172.9
9/29/2021 14:01,16561,236,14.9,0.82,93.1,0.486,1.19,179.1
9/29/2021 14:01,16562,230,14.6,0.82,93.1,0.496,0.66,187.7
9/29/2021 14:01,16563,250,14.1,0.82,93.1,0.509,1.3,187.1
9/29/2021 14:02,16564,216,14.8,0.82,93.1,0.485,1.25,159.9
9/29/2021 14:02,16565,197,14.3,0.82,93.2,0.505,2.58,94.2
9/29/2021 14:02,16566,130,15.1,0.82,93.2,0.477,2.39,160.3
9/29/2021 14:02,16567,136,14.9,0.82,93.2,0.483,1.17,147.5
9/29/2021 14:03,16568,118,14.5,0.81,93.2,0.493,1.18,134.9
9/29/2021 14:03,16569,110,15.3,0.81,93.1,0.469,1.96,156.7
9/29/2021 14:03,16570,162,15.2,0.81,93.1,0.471,1.89,151.8
9/29/2021 14:03,16571,157,15.5,0.82,93.1,0.465,0.97,183.7
9/29/2021 14:04,16572,183,15.2,0.82,93.1,0.475,1.1,131.5
9/29/2021 14:04,16573,250,14.6,0.81,93.1,0.491,1.47,230.7
9/29/2021 14:04,16574,295,14.9,0.81,93.1,0.479,1.36,229.2
9/29/2021 14:04,16575,307,14.8,0.81,93.1,0.482,1.25,249.5
9/29/2021 14:05,16576,325,14.6,0.81,93.1,0.489,1.22,174
9/29/2021 14:05,16577,352,14.7,0.82,93.1,0.49,2.75,114.8
9/29/2021 14:05,16578,340,14.5,0.81,93.1,0.492,1.59,126.5
9/29/2021 14:05,16579,298,14.4,0.81,93.1,0.496,1.89,88.6
9/29/2021 14:06,16580,300,14.9,0.81,93.1,0.477,0.95,93.6
9/29/2021 14:06,16581,313,14.8,0.81,93.1,0.483,0.87,158.6
9/29/2021 14:06,16582,309,15.1,0.81,93.1,0.473,0.9,171.8
9/29/2021 14:06,16583,339,15.1,0.81,93.1,0.472,0.62,132.6
9/29/2021 14:07,16584,366,15.2,0.81,93.1,0.471,0.99,136.2
9/29/2021 14:07,16585,368,14.8,0.81,93.1,0.482,0.82,109.6
9/29/2021 14:07,16586,384,14.8,0.81,93.1,0.48,1.15,161.9
9/29/2021 14:07,16587,401,14.8,0.81,93.1,0.482,1.02,184.5
9/29/2021 14:08,16588,413,14.9,0.81,93.1,0.481,0.96,160.2
9/29/2021 14:08,16589,431,14.9,0.81,93.1,0.479,1.36,126.7
9/29/2021 14:08,16590,442,14.8,0.81,93.1,0.48,0.97,143.1
9/29/2021 14:08,16591,463,15.3,0.81,93.1,0.466,0.3,158.8
9/29/2021 14:09,16592,462,15.1,0.81,93.1,0.471,0.55,138.3
9/29/2021 14:09,16593,501,15.3,0.81,93.1,0.469,0.68,176.7
9/29/2021 14:09,16594,472,15.1,0.81,93.1,0.476,0.51,172.8
9/29/2021 14:09,16595,446,14.9,0.81,93.1,0.481,0.47,175
9/29/2021 14:10,16596,382,15,0.81,93.1,0.475,0.53,143.3
9/29/2021 14:10,16597,73,14.8,0.81,93.2,0.482,1.06,149.4
9/29/2021 14:10,16598,77,15.2,0.81,93.1,0.468,0.93,142.6
9/29/2021 14:10,16599,77,14.9,0.81,93.1,0.48,1.08,189
9/29/2021 14:11,16600,75,14.7,0.82,93.2,0.487,1.91,202.3
9/29/2021 14:11,16601,75,14.4,0.81,93.1,0.495,0.81,228.3
9/29/2021 14:11,16602,80,14.4,0.81,93.2,0.494,0.78,187.2
9/29/2021 14:11,16603,83,14.2,0.81,93.2,0.502,0.84,182.2
9/29/2021 14:12,16604,93,14,0.81,93.1,0.507,1.51,165
9/29/2021 14:12,16605,94,14.3,0.81,93.2,0.497,1.36,152.6
9/29/2021 14:12,16606,98,14.7,0.8,93.1,0.479,0.31,100.1
9/29/2021 14:12,16607,97,14.1,0.8,93.2,0.494,0.75,124.6
9/29/2021 14:13,16608,96,14.5,0.79,93.1,0.482,0.68,174.7
9/29/2021 14:13,16609,94,14.7,0.79,93.2,0.476,0.32,216.3
9/29/2021 14:13,16610,96,14.8,0.8,93.1,0.474,0.36,170.3
9/29/2021 14:13,16611,120,14.3,0.8,93.1,0.49,0.55,181.1
9/29/2021 14:14,16612,149,14.6,0.8,93.1,0.483,0.92,92
9/29/2021 14:14,16613,185,14.3,0.8,93.1,0.492,1.8,105.9
9/29/2021 14:14,16614,131,14.2,0.8,93.1,0.493,1.14,110.8
9/29/2021 14:14,16615,184,14.8,0.8,93.1,0.476,0.91,138.6
9/29/2021 14:15,16616,206,15.2,0.8,93.1,0.462,0.61,142.3
9/29/2021 14:15,16617,226,15.1,0.8,93.1,0.467,0.76,133.6
9/29/2021 14:15,16618,261,15.2,0.81,93.1,0.467,1.12,210
9/29/2021 14:15,16619,289,14.7,0.81,93.1,0.484,1.05,249.9
9/29/2021 14:16,16620,380,14.8,0.81,93.1,0.481,0.47,243.3
9/29/2021 14:16,16621,409,15.1,0.81,93.1,0.471,0.77,204.4
9/29/2021 14:16,16622,489,15.3,0.81,93.1,0.47,0.63,246.9
9/29/2021 14:16,16623,541,15.1,0.82,93.1,0.476,0.7,229.9
9/29/2021 14:17,16624,369,14.8,0.82,93.1,0.484,1.45,169.4
9/29/2021 14:17,16625,92,14.9,0.82,93.2,0.482,0.75,235.7
9/29/2021 14:17,16626,103,14.8,0.82,93.2,0.485,0.61,182.6
9/29/2021 14:17,16627,237,14.4,0.82,93.1,0.497,0.97,135.2
9/29/2021 14:18,16628,169,14.4,0.81,93.1,0.498,0.91,113.9
9/29/2021 14:18,16629,335,13.9,0.81,93.1,0.512,2.12,106.1
9/29/2021 14:18,16630,388,14.4,0.81,93.1,0.495,1.24,93.2
9/29/2021 14:18,16631,574,14.6,0.81,93.1,0.491,2.04,113.3
9/29/2021 14:19,16632,590,14.3,0.81,93.1,0.498,1.79,108.8
9/29/2021 14:19,16633,603,15.1,0.81,93.1,0.474,1.62,110.4
9/29/2021 14:19,16634,614,14.1,0.81,93.1,0.503,1.42,106.2
9/29/2021 14:19,16635,455,14.7,0.81,93.1,0.484,0.91,101.1
9/29/2021 14:20,16636,563,15.2,0.82,93.1,0.473,1.15,113.2
9/29/2021 14:20,16637,580,15,0.82,93.1,0.483,0.68,190.4
9/29/2021 14:20,16638,558,15.2,0.83,93.1,0.479,1.41,242.5
9/29/2021 14:20,16639,519,14.9,0.83,93.1,0.491,1.1,229.1
9/29/2021 14:21,16640,454,14.5,0.83,93.1,0.503,1.56,192.1
9/29/2021 14:21,16641,436,14.5,0.84,93.1,0.507,1.07,176
9/29/2021 14:21,16642,402,14.8,0.84,93.1,0.498,1.24,224.3
9/29/2021 14:21,16643,294,14.6,0.83,93.1,0.502,0.82,275.7
9/29/2021 14:22,16644,357,14.4,0.83,93.1,0.508,2.21,236.3
9/29/2021 14:22,16645,365,14.7,0.83,93.1,0.499,1.42,220.2
9/29/2021 14:22,16646,366,14.3,0.83,93.1,0.513,1,240.6
9/29/2021 14:22,16647,371,14.6,0.83,93.1,0.499,0.52,312.5
9/29/2021 14:23,16648,376,14.6,0.83,93.1,0.499,0.42,275.7
9/29/2021 14:23,16649,381,15.4,0.83,93.1,0.476,0.35,191.9
9/29/2021 14:23,16650,387,15.2,0.84,93.1,0.484,0.39,178.3
9/29/2021 14:23,16651,401,15.1,0.84,93.1,0.492,0.28,152.1
9/29/2021 14:24,16652,425,15.1,0.85,93.1,0.495,0.53,78.2
9/29/2021 14:24,16653,437,15.3,0.85,93.1,0.488,1.33,160.1
9/29/2021 14:24,16654,467,15.6,0.85,93.1,0.484,0.93,152
9/29/2021 14:24,16655,484,15.5,0.85,93.1,0.487,1.18,129.9
9/29/2021 14:25,16656,497,15.7,0.85,93.1,0.479,0.71,124.3
9/29/2021 14:25,16657,507,15.4,0.85,93.1,0.489,0.6,63
9/29/2021 14:25,16658,472,14.5,0.86,93.1,0.519,0.94,76.8
9/29/2021 14:25,16659,277,14.9,0.85,93.1,0.505,0.81,138.8
9/29/2021 14:26,16660,81,14.9,0.84,93.1,0.5,1.02,141.3
9/29/2021 14:26,16661,104,14.9,0.84,93.1,0.499,0.62,111.7
9/29/2021 14:26,16662,153,15.3,0.84,93.1,0.484,0.56,130.2
9/29/2021 14:26,16663,78,15.3,0.84,93.1,0.483,0.68,128.2
9/29/2021 14:27,16664,76,15.1,0.84,93.1,0.489,1.42,108
9/29/2021 14:27,16665,75,15.5,0.84,93.1,0.478,0.55,144.8
9/29/2021 14:27,16666,78,14.6,0.84,93.1,0.507,1.89,107.5
9/29/2021 14:27,16667,79,14.6,0.84,93.1,0.505,2.28,103.1
9/29/2021 14:28,16668,79,14.9,0.84,93.1,0.494,1.69,116.6
9/29/2021 14:28,16669,78,15.3,0.84,93.1,0.483,1.21,193.1
9/29/2021 14:28,16670,76,14.5,0.84,93.1,0.509,1.23,155
9/29/2021 14:28,16671,79,14.6,0.83,93.2,0.501,0.71,191.3
9/29/2021 14:29,16672,86,14.8,0.83,93.1,0.495,0.55,194.4
9/29/2021 14:29,16673,91,14.7,0.83,93.2,0.494,0.66,164.5
9/29/2021 14:29,16674,90,14.7,0.83,93.2,0.494,0.64,172.4
9/29/2021 14:29,16675,94,14.6,0.83,93.1,0.498,1.4,175.2
9/29/2021 14:30,16676,139,14.3,0.82,93.2,0.504,1.08,150.3
9/29/2021 14:30,16677,99,14.6,0.82,93.1,0.495,0.62,177.8
9/29/2021 14:30,16678,99,14.7,0.82,93.1,0.49,1.16,182.5
9/29/2021 14:30,16679,108,14.3,0.82,93.1,0.503,1.14,159.7
9/29/2021 14:31,16680,473,14.3,0.82,93.1,0.504,1.07,152.6
9/29/2021 14:31,16681,434,14.4,0.82,93.1,0.497,1.3,153.5
9/29/2021 14:31,16682,118,14.6,0.81,93.1,0.489,1.64,156
9/29/2021 14:31,16683,122,14.8,0.81,93.1,0.484,1.23,102.9
9/29/2021 14:32,16684,155,14.2,0.81,93.2,0.5,0.88,94.2
9/29/2021 14:32,16685,106,14.5,0.81,93.1,0.491,0.41,108.3
9/29/2021 14:32,16686,96,14.5,0.81,93.2,0.491,0.8,157.4
9/29/2021 14:32,16687,89,14.4,0.81,93.2,0.496,1.04,94.3
9/29/2021 14:33,16688,86,14.7,0.81,93.2,0.484,1.02,135.5
9/29/2021 14:33,16689,88,14.6,0.81,93.2,0.487,1.24,142.6
9/29/2021 14:33,16690,89,14.4,0.81,93.2,0.494,1.97,109.5
9/29/2021 14:33,16691,124,14.5,0.8,93.1,0.487,1.13,128.5
9/29/2021 14:34,16692,338,15.1,0.8,93.1,0.468,0.09,103.5
9/29/2021 14:34,16693,423,14.7,0.8,93.1,0.481,0.35,101.5
9/29/2021 14:34,16694,89,14.9,0.8,93.2,0.475,0.55,134.5
9/29/2021 14:34,16695,78,14.9,0.81,93.1,0.476,0.34,193.2
9/29/2021 14:35,16696,73,14.8,0.81,93.1,0.48,0.83,135.9
9/29/2021 14:35,16697,72,14.5,0.8,93.1,0.486,0.67,160.5
9/29/2021 14:35,16698,75,14.5,0.8,93.1,0.487,0.82,150.9
9/29/2021 14:35,16699,254,14.6,0.8,93.1,0.483,0.73,123.1
9/29/2021 14:36,16700,103,14.8,0.8,93.1,0.476,1.15,139.1
9/29/2021 14:36,16701,90,14.7,0.8,93.1,0.48,0.97,137.9
9/29/2021 14:36,16702,93,14.6,0.8,93.1,0.486,0.91,124.2
9/29/2021 14:36,16703,205,14.7,0.8,93.1,0.479,0.66,139.4
9/29/2021 14:37,16704,161,14.3,0.8,93.1,0.492,1.21,112.7
9/29/2021 14:37,16705,141,14.1,0.8,93.1,0.494,0.84,84.2
9/29/2021 14:37,16706,139,14.5,0.79,93.1,0.481,0.56,71.2
9/29/2021 14:37,16707,358,14.9,0.79,93.1,0.469,0.16,66.7
9/29/2021 14:38,16708,548,15.2,0.79,93.1,0.462,0.22,274.7
9/29/2021 14:38,16709,559,14.9,0.79,93.1,0.468,0.22,241.1
9/29/2021 14:38,16710,557,14.8,0.8,93.1,0.473,0.21,312.6
9/29/2021 14:38,16711,566,14.8,0.8,93.1,0.475,0.75,102.7
9/29/2021 14:39,16712,542,15.2,0.8,93.1,0.466,0.46,146.6
9/29/2021 14:39,16713,86,15.2,0.8,93.1,0.465,0.32,160.2
9/29/2021 14:39,16714,69,15.3,0.79,93.1,0.458,0.27,193.9
9/29/2021 14:39,16715,72,14.5,0.79,93.1,0.479,0.72,217.2
9/29/2021 14:40,16716,71,14.5,0.79,93.1,0.479,0.7,198.2
9/29/2021 14:40,16717,70,14.5,0.79,93.1,0.479,0.4,194.4
9/29/2021 14:40,16718,77,14.6,0.79,93.1,0.477,0.24,177.3
9/29/2021 14:40,16719,101,14.8,0.79,93.1,0.472,0.19,185.3
9/29/2021 14:41,16720,118,14.6,0.79,93.1,0.477,0.25,177.9
9/29/2021 14:41,16721,160,14.6,0.8,93.1,0.479,0.34,220.5
9/29/2021 14:41,16722,448,14.7,0.8,93.1,0.478,0.39,187.3
9/29/2021 14:41,16723,508,14.6,0.81,93.1,0.484,1.04,164.1
9/29/2021 14:42,16724,538,14.9,0.81,93.1,0.478,0.73,146
9/29/2021 14:42,16725,519,14.9,0.81,93.1,0.48,0.75,169
9/29/2021 14:42,16726,523,14.7,0.81,93.1,0.483,0.62,161.9
9/29/2021 14:42,16727,516,15.1,0.81,93.1,0.474,0.49,150.7
9/29/2021 14:43,16728,529,14.9,0.81,93.1,0.478,0.72,161.7
9/29/2021 14:43,16729,555,14.7,0.81,93.1,0.486,2.26,156.4
9/29/2021 14:43,16730,547,14.7,0.81,93.1,0.487,1.04,160.6
9/29/2021 14:43,16731,550,14.6,0.81,93.1,0.489,2.05,171
9/29/2021 14:44,16732,522,14.5,0.81,93.1,0.495,1.12,164.1
9/29/2021 14:44,16733,524,14.4,0.81,93.1,0.495,1.73,161.1
9/29/2021 14:44,16734,192,14.6,0.81,93.1,0.491,1.02,186
9/29/2021 14:44,16735,505,14.6,0.82,93.1,0.49,0.66,153
9/29/2021 14:45,16736,537,15.6,0.81,93.1,0.461,0.08,120.8
9/29/2021 14:45,16737,492,15.3,0.81,93.1,0.468,0.22,339.1
9/29/2021 14:45,16738,507,15.1,0.82,93.1,0.476,0.13,289.1
9/29/2021 14:45,16739,588,15,0.82,93.1,0.481,0.57,218.3
9/29/2021 14:46,16740,516,14.3,0.82,93.1,0.506,1.2,242.3
9/29/2021 14:46,16741,114,14.8,0.82,93.1,0.489,1.13,227
9/29/2021 14:46,16742,287,14.1,0.82,93.1,0.508,0.98,248.5
9/29/2021 14:46,16743,312,14.5,0.82,93.1,0.495,0.46,226
9/29/2021 14:47,16744,524,15.2,0.82,93.1,0.474,0.12,255.5
9/29/2021 14:47,16745,131,14.4,0.82,93.1,0.498,0.39,245.7
9/29/2021 14:47,16746,107,14.5,0.81,93.1,0.491,0.45,248.5
9/29/2021 14:47,16747,355,14.2,0.81,93.1,0.502,0.31,230.8
9/29/2021 14:48,16748,158,14.6,0.82,93.1,0.491,0.38,292.1
9/29/2021 14:48,16749,166,14.6,0.82,93.1,0.493,0.68,231.2
9/29/2021 14:48,16750,563,15,0.82,93.1,0.483,0.59,237.2
9/29/2021 14:48,16751,455,15.2,0.82,93.1,0.474,0.22,27.1
9/29/2021 14:49,16752,438,15.1,0.82,93.1,0.475,0.47,202.8
9/29/2021 14:49,16753,453,13.8,0.82,93.1,0.518,1.28,229.9
9/29/2021 14:49,16754,336,14.1,0.81,93.1,0.507,1.27,225.3
9/29/2021 14:49,16755,474,14.4,0.81,93.1,0.498,1.33,231.6
9/29/2021 14:50,16756,566,14.3,0.81,93.1,0.498,1.37,213.3
9/29/2021 14:50,16757,486,14.8,0.81,93.1,0.485,1.05,230.4
9/29/2021 14:50,16758,526,14.6,0.82,93.1,0.492,0.82,202.1
9/29/2021 14:50,16759,544,14.9,0.82,93.1,0.483,0.43,172.8
9/29/2021 14:51,16760,507,14.6,0.82,93.1,0.494,0.8,165.2
9/29/2021 14:51,16761,326,14.5,0.82,93.1,0.497,0.46,189.2
9/29/2021 14:51,16762,194,14.1,0.82,93.1,0.508,1.06,162.7
9/29/2021 14:51,16763,87,14.1,0.81,93.1,0.505,1.03,172.7
9/29/2021 14:52,16764,84,14,0.81,93.1,0.508,1.42,158.3
9/29/2021 14:52,16765,88,14.3,0.81,93.1,0.495,0.76,157.1
9/29/2021 14:52,16766,103,15.1,0.81,93.1,0.478,0.32,165.3
9/29/2021 14:52,16767,103,15.3,0.81,93.1,0.464,0.25,185.9
9/29/2021 14:53,16768,108,15.1,0.81,93.1,0.466,0.51,187.7
9/29/2021 14:53,16769,128,15,0.81,93.1,0.481,0.53,214.9
9/29/2021 14:53,16770,144,14.9,0.81,93.1,0.463,0.39,227.9
9/29/2021 14:53,16771,225,14.6,0.81,93.1,0.487,0.26,225.3
9/29/2021 14:54,16772,329,14.6,0.81,93.1,0.484,0.22,207.9
9/29/2021 14:54,16773,473,14.3,0.81,93.1,0.489,0.41,204.1
9/29/2021 14:54,16774,342,14.2,0.81,93.1,0.51,0.69,183.3
9/29/2021 14:54,16775,128,14.9,0.82,93.1,0.49,1.05,163.2
9/29/2021 14:55,16776,273,14.9,0.82,93.1,0.476,0.72,143.7
9/29/2021 14:55,16777,484,14.7,0.81,93.1,0.48,0.61,110.1
9/29/2021 14:55,16778,393,15.2,0.81,93.1,0.487,0.6,91.1
9/29/2021 14:55,16779,291,15.2,0.82,93.1,0.459,0.55,189.2
9/29/2021 14:56,16780,466,14.7,0.82,93.1,0.489,0.76,135
9/29/2021 14:56,16781,471,14.8,0.82,93.1,0.48,0.35,134.5
9/29/2021 14:56,16782,494,14.7,0.82,93.1,0.485,0.26,82.4
9/29/2021 14:56,16783,500,14.7,0.82,93.1,0.497,0.33,119.7
9/29/2021 14:57,16784,179,15.1,0.82,93.1,0.479,0.24,359.1
9/29/2021 14:57,16785,73,15.1,0.82,93.1,0.487,0.36,331.2
9/29/2021 14:57,16786,69,15.4,0.82,93.1,0.477,0.17,208.6
9/29/2021 14:57,16787,70,15.6,0.83,93.1,0.47,0.53,131.2
9/29/2021 14:58,16788,69,15.4,0.83,93.1,0.476,0.83,151.7
9/29/2021 14:58,16789,68,15.4,0.82,93.1,0.471,0.9,158.6
9/29/2021 14:58,16790,69,15.1,0.82,93.1,0.478,1.57,211.2
9/29/2021 14:58,16791,70,15,0.82,93.1,0.479,1.28,220.6
9/29/2021 14:59,16792,72,14.8,0.82,93.1,0.486,0.67,216.7
9/29/2021 14:59,16793,74,14.8,0.81,93.1,0.481,0.5,230.9
9/29/2021 14:59,16794,79,14.8,0.81,93.1,0.485,0.91,219.4
9/29/2021 14:59,16795,102,14.9,0.81,93.1,0.476,1.56,230.4
9/29/2021 15:00,16796,154,14.8,0.81,93.1,0.486,1.11,229.5
9/29/2021 15:00,16797,369,14.6,0.81,93.1,0.483,0.78,234.8
9/29/2021 15:00,16798,514,14.4,0.81,93.1,0.494,1.33,209.2
9/29/2021 15:00,16799,573,14.5,0.81,93.1,0.488,1.13,200.3
9/29/2021 15:01,16800,574,14.3,0.82,93.1,0.503,0.95,212
9/29/2021 15:01,16801,555,14.7,0.82,93.1,0.495,1.7,221.2
9/29/2021 15:01,16802,570,14.8,0.82,93.1,0.48,1.78,220.2
9/29/2021 15:01,16803,568,14.6,0.82,93.1,0.49,0.96,242.5
9/29/2021 15:02,16804,566,14.6,0.82,93.1,0.494,0.68,262
9/29/2021 15:02,16805,561,14.4,0.82,93.1,0.491,0.52,246.4
9/29/2021 15:02,16806,544,14.6,0.82,93.1,0.498,1.08,223.2
9/29/2021 15:02,16807,548,14.9,0.82,93.1,0.486,0.92,241.1
9/29/2021 15:03,16808,527,15,0.82,93.1,0.487,1.15,213.2
9/29/2021 15:03,16809,404,15,0.83,93.1,0.487,1.17,186.3
9/29/2021 15:03,16810,280,14.9,0.83,93.1,0.488,1.46,162.1
9/29/2021 15:03,16811,436,14.8,0.83,93.1,0.486,1.41,160.9
9/29/2021 15:04,16812,390,14.7,0.83,93.1,0.489,1.19,166.7
9/29/2021 15:04,16813,271,14.7,0.83,93.1,0.492,0.73,150.8
9/29/2021 15:04,16814,293,14.5,0.82,93.1,0.504,1.45,183.3
9/29/2021 15:04,16815,223,14.3,0.82,93.1,0.51,1.51,207.4
9/29/2021 15:05,16816,240,14.5,0.82,93.1,0.498,1.3,211.9
9/29/2021 15:05,16817,407,14.4,0.82,93.1,0.502,1.4,222.2
9/29/2021 15:05,16818,530,15,0.82,93.1,0.485,0.92,215.7
9/29/2021 15:05,16819,545,14.6,0.83,93.1,0.488,0.4,245.2
9/29/2021 15:06,16820,480,14.4,0.83,93.1,0.5,0.24,262.4
9/29/2021 15:06,16821,467,14.3,0.82,93.1,0.507,0.41,232.1
9/29/2021 15:06,16822,498,14.8,0.82,93.1,0.5,0.48,249.8
9/29/2021 15:06,16823,510,15,0.82,93.1,0.482,0.33,227.7
9/29/2021 15:07,16824,505,14.8,0.82,93.1,0.482,0.46,197.7
9/29/2021 15:07,16825,490,14.9,0.82,93.1,0.489,0.26,179.7
9/29/2021 15:07,16826,507,15,0.82,93.1,0.476,0.26,169.7
9/29/2021 15:07,16827,523,14.9,0.83,93.1,0.494,0.33,145.4
9/29/2021 15:08,16828,533,15,0.83,93.1,0.485,0.47,123.4
9/29/2021 15:08,16829,376,14.8,0.83,93.1,0.504,1.22,111.1
9/29/2021 15:08,16830,172,15.2,0.83,93.1,0.475,1.32,115.5
9/29/2021 15:08,16831,243,15.3,0.82,93.1,0.482,1.16,116.2
9/29/2021 15:09,16832,115,15.6,0.82,93.1,0.463,0.55,134.9
9/29/2021 15:09,16833,82,15.4,0.82,93.1,0.465,0.8,162.2
9/29/2021 15:09,16834,82,15.7,0.82,93.1,0.465,1.11,206.1
9/29/2021 15:09,16835,84,15.5,0.82,93.1,0.457,0.93,230.2
9/29/2021 15:10,16836,106,15.1,0.82,93.1,0.472,0.83,231.8
9/29/2021 15:10,16837,191,14.9,0.82,93.1,0.48,0.84,203.5
9/29/2021 15:10,16838,151,14.9,0.82,93.1,0.484,1.71,172.3
9/29/2021 15:10,16839,107,15,0.82,93.1,0.484,0.74,153
9/29/2021 15:11,16840,86,15,0.81,93.1,0.474,0.9,161.7
9/29/2021 15:11,16841,66,14.9,0.81,93.1,0.477,1.35,161.1
9/29/2021 15:11,16842,63,15.1,0.81,93.1,0.474,0.74,141.7
9/29/2021 15:11,16843,63,15.3,0.81,93.1,0.47,0.56,155.7
9/29/2021 15:12,16844,60,15.2,0.8,93.1,0.46,0.6,111.3
9/29/2021 15:12,16845,59,15.1,0.8,93.1,0.471,0.77,123.6
9/29/2021 15:12,16846,60,15.1,0.8,93.1,0.465,1.16,114.2
9/29/2021 15:12,16847,58,14.8,0.8,93.1,0.475,1.26,103.6
9/29/2021 15:13,16848,57,14.9,0.8,93.1,0.48,0.95,110.1
9/29/2021 15:13,16849,58,15,0.79,93.1,0.464,0.79,107.3
9/29/2021 15:13,16850,58,15.1,0.79,93.1,0.464,1.21,162.6
9/29/2021 15:13,16851,60,15,0.79,93.1,0.467,0.89,145.6
9/29/2021 15:14,16852,62,14.9,0.79,93.1,0.465,1.53,131.5
9/29/2021 15:14,16853,65,14.8,0.79,93.1,0.472,1.12,134
9/29/2021 15:14,16854,68,14.9,0.79,93.1,0.462,0.92,117.9
9/29/2021 15:14,16855,69,14.8,0.78,93.1,0.468,0.69,107.6
9/29/2021 15:15,16856,71,15,0.78,93.1,0.46,0.66,122.7
9/29/2021 15:15,16857,75,14.8,0.78,93.1,0.466,0.78,158.5
9/29/2021 15:15,16858,81,14.7,0.78,93.1,0.464,0.75,155.4
9/29/2021 15:15,16859,87,14.9,0.78,93.1,0.463,0.71,148.8
9/29/2021 15:16,16860,99,15,0.78,93.1,0.459,0.77,142.2
9/29/2021 15:16,16861,121,15,0.78,93.1,0.456,0.91,132.3
9/29/2021 15:16,16862,110,14.8,0.78,93.1,0.465,1.17,158.9
9/29/2021 15:16,16863,111,14.8,0.78,93.1,0.465,0.89,165
9/29/2021 15:17,16864,90,14.7,0.78,93.1,0.464,1.08,160
9/29/2021 15:17,16865,86,14.8,0.78,93.1,0.458,0.81,176.9
9/29/2021 15:17,16866,85,14.6,0.78,93.1,0.469,0.59,165.9
9/29/2021 15:17,16867,191,14.5,0.78,93.1,0.466,0.52,165.3
9/29/2021 15:18,16868,225,14.6,0.78,93.1,0.477,0.32,155.9
9/29/2021 15:18,16869,88,14.9,0.78,93.1,0.453,0.21,177.2
9/29/2021 15:18,16870,82,15,0.78,93.1,0.456,0.21,240.5
9/29/2021 15:18,16871,73,15,0.78,93.1,0.452,0.14,285.2
9/29/2021 15:19,16872,66,14.8,0.78,93.1,0.461,0.51,229.9
9/29/2021 15:19,16873,62,14.8,0.78,93.1,0.464,0.29,284.4
9/29/2021 15:19,16874,58,14.8,0.78,93.1,0.462,0.3,275.6
9/29/2021 15:19,16875,56,15.1,0.78,93.1,0.456,0.41,323.5
9/29/2021 15:20,16876,55,14.7,0.78,93.1,0.464,0.43,4.5
9/29/2021 15:20,16877,54,14.7,0.78,93.1,0.474,0.5,353.6
9/29/2021 15:20,16878,55,14.8,0.79,93.1,0.466,0.78,287.5
9/29/2021 15:20,16879,56,14.7,0.79,93.1,0.472,0.62,298.4
9/29/2021 15:21,16880,58,14.7,0.78,93.1,0.47,0.56,281.2
9/29/2021 15:21,16881,60,14.8,0.78,93.1,0.471,0.36,246.7
9/29/2021 15:21,16882,66,14.6,0.78,93.1,0.467,0.74,248.7
9/29/2021 15:21,16883,159,14.4,0.78,93.1,0.474,0.96,245.7
9/29/2021 15:22,16884,251,14.2,0.78,93.1,0.48,0.9,239.5
9/29/2021 15:22,16885,99,14.3,0.78,93.1,0.486,0.93,243.8
9/29/2021 15:22,16886,87,14.5,0.79,93.1,0.481,1.05,260.7
9/29/2021 15:22,16887,88,14.7,0.79,93.1,0.472,0.73,254.7
9/29/2021 15:23,16888,92,14.9,0.78,93.1,0.465,0.28,224.4
9/29/2021 15:23,16889,106,14.8,0.78,93.1,0.457,0.27,248.3
9/29/2021 15:23,16890,210,14.5,0.78,93.1,0.471,0.33,335.4
9/29/2021 15:23,16891,273,14.3,0.79,93.1,0.48,0.26,319
9/29/2021 15:24,16892,369,14.3,0.8,93.1,0.484,0.22,248
9/29/2021 15:24,16893,472,13.7,0.79,93.1,0.499,0.64,242.1
9/29/2021 15:24,16894,439,14,0.8,93.1,0.513,0.78,237.2
9/29/2021 15:24,16895,229,14.5,0.8,93.1,0.49,1.11,223.3
9/29/2021 15:25,16896,88,14.8,0.79,93.1,0.475,0.98,210.5
9/29/2021 15:25,16897,84,15.1,0.79,93.2,0.462,0.63,220.3
9/29/2021 15:25,16898,128,15,0.79,93.1,0.462,0.34,248.3
9/29/2021 15:25,16899,119,14.9,0.79,93.1,0.471,0.39,158.6
9/29/2021 15:26,16900,72,14.8,0.79,93.1,0.469,0.73,133.4
9/29/2021 15:26,16901,67,14.7,0.79,93.1,0.469,0.82,105.4
9/29/2021 15:26,16902,64,14.6,0.78,93.1,0.472,1.05,110.9
9/29/2021 15:26,16903,62,14.7,0.78,93.1,0.47,0.82,123
9/29/2021 15:27,16904,60,14.8,0.78,93.1,0.462,0.96,117.3
9/29/2021 15:27,16905,60,14.7,0.78,93.1,0.466,0.88,136
9/29/2021 15:27,16906,60,14.9,0.78,93.1,0.461,0.53,156.1
9/29/2021 15:27,16907,60,15,0.78,93.1,0.46,0.65,159.2
9/29/2021 15:28,16908,60,15,0.78,93.1,0.454,0.32,193.7
9/29/2021 15:28,16909,59,14.9,0.78,93.1,0.459,0.22,229.9
9/29/2021 15:28,16910,59,14.9,0.78,93.1,0.458,0.34,138.4
9/29/2021 15:28,16911,59,14.8,0.78,93.1,0.457,0.64,106.6
9/29/2021 15:29,16912,60,14.7,0.78,93.1,0.466,0.59,92.6
9/29/2021 15:29,16913,61,14.7,0.78,93.1,0.465,1.12,112.3
9/29/2021 15:29,16914,62,14.7,0.78,93.1,0.466,0.9,141.3
9/29/2021 15:29,16915,100,14.7,0.78,93.1,0.463,0.85,143.1
9/29/2021 15:30,16916,91,14.7,0.77,93.1,0.466,0.72,147.4
9/29/2021 15:30,16917,68,14.8,0.77,93.1,0.462,0.65,134.4
9/29/2021 15:30,16918,69,14.7,0.77,93.1,0.459,0.66,130.3
9/29/2021 15:30,16919,70,14.7,0.77,93.1,0.463,0.72,110.1
9/29/2021 15:31,16920,69,14.7,0.77,93.1,0.461,0.47,92
9/29/2021 15:31,16921,67,14.5,0.77,93.1,0.466,0.55,90.9
9/29/2021 15:31,16922,67,14.5,0.77,93.1,0.467,0.56,92.5
9/29/2021 15:31,16923,67,14.6,0.77,93.1,0.464,0.46,97.4
9/29/2021 15:32,16924,68,14.7,0.77,93.1,0.457,0.47,100.4
9/29/2021 15:32,16925,68,14.7,0.77,93.1,0.462,0.69,104.2
9/29/2021 15:32,16926,70,14.8,0.77,93.1,0.457,0.68,116.6
9/29/2021 15:32,16927,70,14.7,0.77,93.1,0.459,0.56,139.5
9/29/2021 15:33,16928,70,14.6,0.77,93.1,0.462,0.45,149.3
9/29/2021 15:33,16929,69,14.7,0.77,93.1,0.46,0.37,126.6
9/29/2021 15:33,16930,66,14.7,0.77,93.1,0.457,0.49,121
9/29/2021 15:33,16931,63,14.7,0.77,93.1,0.46,0.54,146.7
9/29/2021 15:34,16932,61,14.7,0.77,93.1,0.459,0.59,140.9
9/29/2021 15:34,16933,61,14.7,0.77,93.1,0.465,0.38,152.8
9/29/2021 15:34,16934,41,14.9,0.77,93.1,0.454,0.42,186.5
9/29/2021 15:34,16935,18,14.8,0.77,93.1,0.461,0.48,345.2
9/29/2021 15:35,16936,45,14.8,0.77,93.1,0.461,0.64,331.8
9/29/2021 15:35,16937,40,14.8,0.78,93.1,0.462,0.5,351.4
9/29/2021 15:35,16938,46,14.8,0.78,93.1,0.465,0.43,301.9
9/29/2021 15:35,16939,24,15.3,0.77,93.1,0.464,0.4,338.9
9/29/2021 15:36,16940,31,17.8,0.78,93.1,0.405,0.19,29.4
9/29/2021 15:36,16941,0,19.7,0.79,93.1,0.35,0.37,111.9
9/29/2021 15:36,16942,0,20,0.8,93.1,0.344,0.09,226.2
9/29/2021 15:36,16943,2,20.1,0.8,93.1,0.342,0.18,73
9/29/2021 15:37,16944,4,20,0.8,93.1,0.337,0.13,50.3
9/29/2021 15:37,16945,4,19.7,0.8,93.1,0.351,0.15,18.9
9/29/2021 15:37,16946,4,20.1,0.81,93.1,0.347,0.14,16
9/29/2021 15:37,16947,4,20.3,0.81,93.1,0.342,0.24,331.3
9/29/2021 15:38,16948,4,20.2,0.81,93.1,0.34,0.2,281
9/29/2021 15:38,16949,4,20,0.81,93.1,0.344,0.15,317.1
9/29/2021 15:38,16950,4,19.5,0.82,93.1,0.353,0.08,101.9
9/29/2021 15:38,16951,4,19.2,0.82,93.1,0.368,0.04,352.7
9/29/2021 15:39,16952,4,20.1,0.82,93.1,0.361,0.22,303.2
9/29/2021 15:39,16953,4,20.5,0.82,93.1,0.334,0.17,310.1
9/29/2021 15:39,16954,4,20,0.82,93.1,0.351,0.18,282
9/29/2021 15:39,16955,4,19.6,0.82,93.1,0.356,0.11,187.5
9/29/2021 15:40,16956,4,20,0.83,93.1,0.365,0.1,247.3
9/29/2021 15:40,16957,4,20.2,0.83,93.1,0.351,0.12,317.3
9/29/2021 15:40,16958,4,20.3,0.83,93.1,0.35,0.19,298.8
9/29/2021 15:40,16959,4,20,0.83,93.1,0.355,0.1,227.3
9/29/2021 15:41,16960,4,20.1,0.83,93.1,0.355,0.15,279.6
9/29/2021 15:41,16961,4,20.3,0.84,93.1,0.353,0.2,272.9
9/29/2021 15:41,16962,4,20.3,0.84,93.1,0.347,0.17,225.9
9/29/2021 15:41,16963,4,20.4,0.84,93.1,0.355,0.13,297.7
